{
"type": "FeatureCollection",
"name": "Drenajes",
"crs": { "type": "name", "properties": { "name": "urn:ogc:def:crs:OGC:1.3:CRS84" } },
"features": [
{"type":"Feature","properties":{"OBJECTID_12":28072,"OBJECTID_1":28072,"OBJECTID_2":0,"OBJECTID_3":28073,"OBJECTID_4":0,"OBJECTID":8151,"CODDEP":" ","TIPO":" ","NOMBRE":" ","ORDEN":" ","N_ORDEN":0,"SCU_CODIGO":" ","CUE_CODIGO":" ","NOM_CCA":" ","NOM_ANT":" ","NOM_NVO":" ","TIPO_CCA":" ","COD_DREP":" ","N_ORD_CCA":0,"LENGTH":0.0,"Shape_Leng":88.1918790183,"Shape_Le_1":88.1918790183,"NMG":"Quebrada Minitas","TTDD":0,"TEDD":5101,"ID":7790,"ORDGRAV":4,"FRAGRAV":15,"Shape_Le_2":88.1918790183,"Shape_Le_3":88.1918790183,"Shape_Le_4":88.1918790183,"OID_":0,"Name":" ","FolderPath":" ","SymbolID":0,"AltMode":0,"Base":0,"Clamped":0,"Extruded":0,"Snippet":" ","PopupInfo":" ","Shape_Le_5":88.1918790183,"Shape_Le_6":88.1918790183,"Shape_Le_7":88.1918790183,"Shape_Le_8":88.180110886099996,"Shape_Length":88.180051070546213},"geometry":{"type":"MultiLineString","coordinates":[[[-75.573352575145307,5.046616031819381],[-75.573356396102923,5.046569594699609],[-75.573428052168111,5.046414978472428],[-75.573554678107683,5.046284096228623],[-75.573651947776028,5.04619828856796],[-75.573701416164923,5.046071582765966],[-75.573727909343546,5.045942472691841]]]}},
{"type":"Feature","properties":{"OBJECTID_12":28073,"OBJECTID_1":28073,"OBJECTID_2":0,"OBJECTID_3":28074,"OBJECTID_4":0,"OBJECTID":8152,"CODDEP":" ","TIPO":" ","NOMBRE":" ","ORDEN":" ","N_ORDEN":0,"SCU_CODIGO":" ","CUE_CODIGO":" ","NOM_CCA":" ","NOM_ANT":" ","NOM_NVO":" ","TIPO_CCA":" ","COD_DREP":" ","N_ORD_CCA":0,"LENGTH":0.0,"Shape_Leng":135.60979007700001,"Shape_Le_1":135.60979007700001,"NMG":" ","TTDD":0,"TEDD":5102,"ID":7791,"ORDGRAV":5,"FRAGRAV":10,"Shape_Le_2":135.60979007700001,"Shape_Le_3":135.60979007700001,"Shape_Le_4":135.60979007700001,"OID_":0,"Name":" ","FolderPath":" ","SymbolID":0,"AltMode":0,"Base":0,"Clamped":0,"Extruded":0,"Snippet":" ","PopupInfo":" ","Shape_Le_5":135.60979007700001,"Shape_Le_6":135.60979007700001,"Shape_Le_7":135.60979007700001,"Shape_Le_8":135.59174162400001,"Shape_Length":135.59165736766965},"geometry":{"type":"MultiLineString","coordinates":[[[-75.574762668814756,5.046569566493647],[-75.574606993823906,5.046521575912807],[-75.57439881657622,5.046446866170328],[-75.574227394057971,5.046317467849281],[-75.573727909343546,5.045942472691841]]]}},
{"type":"Feature","properties":{"OBJECTID_12":28077,"OBJECTID_1":28077,"OBJECTID_2":0,"OBJECTID_3":28078,"OBJECTID_4":0,"OBJECTID":8156,"CODDEP":" ","TIPO":" ","NOMBRE":" ","ORDEN":" ","N_ORDEN":0,"SCU_CODIGO":" ","CUE_CODIGO":" ","NOM_CCA":" ","NOM_ANT":" ","NOM_NVO":" ","TIPO_CCA":" ","COD_DREP":" ","N_ORD_CCA":0,"LENGTH":0.0,"Shape_Leng":188.93289438100001,"Shape_Le_1":188.93289438100001,"NMG":"Quebrada La Manuela","TTDD":0,"TEDD":5102,"ID":7795,"ORDGRAV":4,"FRAGRAV":15,"Shape_Le_2":188.93289438100001,"Shape_Le_3":188.93289438100001,"Shape_Le_4":188.93289438100001,"OID_":0,"Name":" ","FolderPath":" ","SymbolID":0,"AltMode":0,"Base":0,"Clamped":0,"Extruded":0,"Snippet":" ","PopupInfo":" ","Shape_Le_5":188.93289438100001,"Shape_Le_6":188.93289438100001,"Shape_Le_7":188.93289438100001,"Shape_Le_8":188.908061094,"Shape_Length":188.90796076711445},"geometry":{"type":"MultiLineString","coordinates":[[[-75.579870162346225,5.046631137615946],[-75.579970953367848,5.046551278941347],[-75.58020352193121,5.04625866839343],[-75.580476635094286,5.046085734249211],[-75.581324744889628,5.045855702082044]]]}},
{"type":"Feature","properties":{"OBJECTID_12":28078,"OBJECTID_1":28078,"OBJECTID_2":0,"OBJECTID_3":28079,"OBJECTID_4":0,"OBJECTID":8157,"CODDEP":" ","TIPO":" ","NOMBRE":" ","ORDEN":" ","N_ORDEN":0,"SCU_CODIGO":" ","CUE_CODIGO":" ","NOM_CCA":" ","NOM_ANT":" ","NOM_NVO":" ","TIPO_CCA":" ","COD_DREP":" ","N_ORD_CCA":0,"LENGTH":0.0,"Shape_Leng":88.280758051000007,"Shape_Le_1":88.280758051000007,"NMG":" ","TTDD":0,"TEDD":5102,"ID":7796,"ORDGRAV":5,"FRAGRAV":10,"Shape_Le_2":88.280758051000007,"Shape_Le_3":88.280758051000007,"Shape_Le_4":88.280758051000007,"OID_":0,"Name":" ","FolderPath":" ","SymbolID":0,"AltMode":0,"Base":0,"Clamped":0,"Extruded":0,"Snippet":" ","PopupInfo":" ","Shape_Le_5":88.280758051000007,"Shape_Le_6":88.280758051000007,"Shape_Le_7":88.280758051000007,"Shape_Le_8":88.269249161999994,"Shape_Length":88.269187637668125},"geometry":{"type":"MultiLineString","coordinates":[[[-75.581158429234122,5.046634117676211],[-75.581189437152062,5.046548853131374],[-75.581262711573146,5.046265313061988],[-75.581305303355848,5.045960963899597],[-75.581324744889628,5.045855702082044]]]}},
{"type":"Feature","properties":{"OBJECTID_12":28080,"OBJECTID_1":28080,"OBJECTID_2":0,"OBJECTID_3":28081,"OBJECTID_4":0,"OBJECTID":8159,"CODDEP":" ","TIPO":" ","NOMBRE":" ","ORDEN":" ","N_ORDEN":0,"SCU_CODIGO":" ","CUE_CODIGO":" ","NOM_CCA":" ","NOM_ANT":" ","NOM_NVO":" ","TIPO_CCA":" ","COD_DREP":" ","N_ORD_CCA":0,"LENGTH":0.0,"Shape_Leng":91.5802294872,"Shape_Le_1":91.5802294872,"NMG":" ","TTDD":0,"TEDD":5101,"ID":7798,"ORDGRAV":5,"FRAGRAV":10,"Shape_Le_2":91.5802294872,"Shape_Le_3":91.5802294872,"Shape_Le_4":91.5802294872,"OID_":0,"Name":" ","FolderPath":" ","SymbolID":0,"AltMode":0,"Base":0,"Clamped":0,"Extruded":0,"Snippet":" ","PopupInfo":" ","Shape_Le_5":91.5802294872,"Shape_Le_6":91.5802294872,"Shape_Le_7":91.5802294872,"Shape_Le_8":91.568264892100004,"Shape_Length":91.568392949916245},"geometry":{"type":"MultiLineString","coordinates":[[[-75.582661166098561,5.046637588054124],[-75.582688183235575,5.046484178407741],[-75.582707568047226,5.046322039191988],[-75.582688890379842,5.046175719680069],[-75.582663709370919,5.046102518978369],[-75.582619595030479,5.045994291444731],[-75.582613497896077,5.045889332009344],[-75.582620607636485,5.045827957908574]]]}},
{"type":"Feature","properties":{"OBJECTID_12":28082,"OBJECTID_1":28082,"OBJECTID_2":0,"OBJECTID_3":28083,"OBJECTID_4":0,"OBJECTID":8161,"CODDEP":" ","TIPO":" ","NOMBRE":" ","ORDEN":" ","N_ORDEN":0,"SCU_CODIGO":" ","CUE_CODIGO":" ","NOM_CCA":" ","NOM_ANT":" ","NOM_NVO":" ","TIPO_CCA":" ","COD_DREP":" ","N_ORD_CCA":0,"LENGTH":0.0,"Shape_Leng":237.623311274,"Shape_Le_1":237.623311274,"NMG":"Quebrada La Manuela","TTDD":0,"TEDD":5102,"ID":7800,"ORDGRAV":4,"FRAGRAV":15,"Shape_Le_2":237.623311274,"Shape_Le_3":237.623311274,"Shape_Le_4":237.623311274,"OID_":0,"Name":" ","FolderPath":" ","SymbolID":0,"AltMode":0,"Base":0,"Clamped":0,"Extruded":0,"Snippet":" ","PopupInfo":" ","Shape_Le_5":237.623311274,"Shape_Le_6":237.623311274,"Shape_Le_7":237.623311274,"Shape_Le_8":237.59232443299999,"Shape_Length":237.59204991161013},"geometry":{"type":"MultiLineString","coordinates":[[[-75.582620607636485,5.045827957908574],[-75.582690012835243,5.045745694196298],[-75.582727896215644,5.045729273986698],[-75.582796418101964,5.04576375815594],[-75.582891420314695,5.045849141529041],[-75.583123533948964,5.045868822682309],[-75.583396449748577,5.045829116640403],[-75.583521487101464,5.045799935204537],[-75.583640776213613,5.045797958736557],[-75.583774340576625,5.045801737962822],[-75.583922906578564,5.045804819147882],[-75.584145083752716,5.045781512831717],[-75.584643672820206,5.045609909561323]]]}},
{"type":"Feature","properties":{"OBJECTID_12":28083,"OBJECTID_1":28083,"OBJECTID_2":0,"OBJECTID_3":28084,"OBJECTID_4":0,"OBJECTID":8162,"CODDEP":" ","TIPO":" ","NOMBRE":" ","ORDEN":" ","N_ORDEN":0,"SCU_CODIGO":" ","CUE_CODIGO":" ","NOM_CCA":" ","NOM_ANT":" ","NOM_NVO":" ","TIPO_CCA":" ","COD_DREP":" ","N_ORD_CCA":0,"LENGTH":0.0,"Shape_Leng":136.561890307,"Shape_Le_1":136.561890307,"NMG":"Quebrada La Manuela","TTDD":0,"TEDD":5102,"ID":7801,"ORDGRAV":4,"FRAGRAV":15,"Shape_Le_2":136.561890307,"Shape_Le_3":136.561890307,"Shape_Le_4":136.561890307,"OID_":0,"Name":" ","FolderPath":" ","SymbolID":0,"AltMode":0,"Base":0,"Clamped":0,"Extruded":0,"Snippet":" ","PopupInfo":" ","Shape_Le_5":136.561890307,"Shape_Le_6":136.561890307,"Shape_Le_7":136.561890307,"Shape_Le_8":136.544172936,"Shape_Length":136.544152849358},"geometry":{"type":"MultiLineString","coordinates":[[[-75.584643672820206,5.045609909561323],[-75.584852082732198,5.045721950771126],[-75.58502247636612,5.045940666453346],[-75.585089320327228,5.04614132795528],[-75.585089649748767,5.04640276371978],[-75.585033404874196,5.04664305976754]]]}},
{"type":"Feature","properties":{"OBJECTID_12":28084,"OBJECTID_1":28084,"OBJECTID_2":0,"OBJECTID_3":28085,"OBJECTID_4":0,"OBJECTID":8163,"CODDEP":" ","TIPO":" ","NOMBRE":" ","ORDEN":" ","N_ORDEN":0,"SCU_CODIGO":" ","CUE_CODIGO":" ","NOM_CCA":" ","NOM_ANT":" ","NOM_NVO":" ","TIPO_CCA":" ","COD_DREP":" ","N_ORD_CCA":0,"LENGTH":0.0,"Shape_Leng":62.164392829900002,"Shape_Le_1":62.164392829900002,"NMG":"Quebrada Minitas","TTDD":0,"TEDD":5101,"ID":7802,"ORDGRAV":4,"FRAGRAV":15,"Shape_Le_2":62.164392829900002,"Shape_Le_3":62.164392829900002,"Shape_Le_4":62.164392829900002,"OID_":0,"Name":" ","FolderPath":" ","SymbolID":0,"AltMode":0,"Base":0,"Clamped":0,"Extruded":0,"Snippet":" ","PopupInfo":" ","Shape_Le_5":62.164392829900002,"Shape_Le_6":62.164392829900002,"Shape_Le_7":62.164392829900002,"Shape_Le_8":62.156108457800002,"Shape_Length":62.156247027780772},"geometry":{"type":"MultiLineString","coordinates":[[[-75.573727909343546,5.045942472691841],[-75.573743145860945,5.045868219426137],[-75.573843716641136,5.045586534117962],[-75.573888209876387,5.045443347003129],[-75.573907500797674,5.045411829810968]]]}},
{"type":"Feature","properties":{"OBJECTID_12":28085,"OBJECTID_1":28085,"OBJECTID_2":0,"OBJECTID_3":28086,"OBJECTID_4":0,"OBJECTID":8164,"CODDEP":" ","TIPO":" ","NOMBRE":" ","ORDEN":" ","N_ORDEN":0,"SCU_CODIGO":" ","CUE_CODIGO":" ","NOM_CCA":" ","NOM_ANT":" ","NOM_NVO":" ","TIPO_CCA":" ","COD_DREP":" ","N_ORD_CCA":0,"LENGTH":0.0,"Shape_Leng":186.61621937199999,"Shape_Le_1":186.61621937199999,"NMG":" ","TTDD":0,"TEDD":5102,"ID":7803,"ORDGRAV":5,"FRAGRAV":10,"Shape_Le_2":186.61621937199999,"Shape_Le_3":186.61621937199999,"Shape_Le_4":186.61621937199999,"OID_":0,"Name":" ","FolderPath":" ","SymbolID":0,"AltMode":0,"Base":0,"Clamped":0,"Extruded":0,"Snippet":" ","PopupInfo":" ","Shape_Le_5":186.61621937199999,"Shape_Le_6":186.61621937199999,"Shape_Le_7":186.61621937199999,"Shape_Le_8":186.59133357499999,"Shape_Length":186.59161308363232},"geometry":{"type":"MultiLineString","coordinates":[[[-75.575241194577757,5.046165961579625],[-75.574969356844974,5.04610197874491],[-75.574791562038229,5.046084400909784],[-75.574616682554421,5.04610442546957],[-75.574420342942886,5.046080312881118],[-75.574341524613502,5.046030040056301],[-75.574213217058912,5.045823361176484],[-75.574011200960143,5.045594587604358],[-75.573907500797674,5.045411829810968]]]}},
{"type":"Feature","properties":{"OBJECTID_12":28086,"OBJECTID_1":28086,"OBJECTID_2":0,"OBJECTID_3":28087,"OBJECTID_4":0,"OBJECTID":8165,"CODDEP":" ","TIPO":" ","NOMBRE":" ","ORDEN":" ","N_ORDEN":0,"SCU_CODIGO":" ","CUE_CODIGO":" ","NOM_CCA":" ","NOM_ANT":" ","NOM_NVO":" ","TIPO_CCA":" ","COD_DREP":" ","N_ORD_CCA":0,"LENGTH":0.0,"Shape_Leng":55.388834245300004,"Shape_Le_1":55.388834245300004,"NMG":"Quebrada La Manuela","TTDD":0,"TEDD":5102,"ID":7804,"ORDGRAV":4,"FRAGRAV":15,"Shape_Le_2":55.388834245300004,"Shape_Le_3":55.388834245300004,"Shape_Le_4":55.388834245300004,"OID_":0,"Name":" ","FolderPath":" ","SymbolID":0,"AltMode":0,"Base":0,"Clamped":0,"Extruded":0,"Snippet":" ","PopupInfo":" ","Shape_Le_5":55.388834245300004,"Shape_Le_6":55.388834245300004,"Shape_Le_7":55.388834245300004,"Shape_Le_8":55.381567208600003,"Shape_Length":55.381396985272545},"geometry":{"type":"MultiLineString","coordinates":[[[-75.582430487881481,5.045425849940933],[-75.582423900557188,5.045535423810771],[-75.582470903908984,5.045625742093265],[-75.582500788280981,5.045704584760362],[-75.58253420033364,5.045817083430753],[-75.582620607636485,5.045827957908574]]]}},
{"type":"Feature","properties":{"OBJECTID_12":28087,"OBJECTID_1":28087,"OBJECTID_2":0,"OBJECTID_3":28088,"OBJECTID_4":0,"OBJECTID":8166,"CODDEP":" ","TIPO":" ","NOMBRE":" ","ORDEN":" ","N_ORDEN":0,"SCU_CODIGO":" ","CUE_CODIGO":" ","NOM_CCA":" ","NOM_ANT":" ","NOM_NVO":" ","TIPO_CCA":" ","COD_DREP":" ","N_ORD_CCA":0,"LENGTH":0.0,"Shape_Leng":323.24924117099999,"Shape_Le_1":323.24924117099999,"NMG":" ","TTDD":0,"TEDD":5102,"ID":7805,"ORDGRAV":5,"FRAGRAV":10,"Shape_Le_2":323.24924117099999,"Shape_Le_3":323.24924117099999,"Shape_Le_4":323.24924117099999,"OID_":0,"Name":" ","FolderPath":" ","SymbolID":0,"AltMode":0,"Base":0,"Clamped":0,"Extruded":0,"Snippet":" ","PopupInfo":" ","Shape_Le_5":323.24924117099999,"Shape_Le_6":323.24924117099999,"Shape_Le_7":323.24924117099999,"Shape_Le_8":323.205813525,"Shape_Length":323.20579587913039},"geometry":{"type":"MultiLineString","coordinates":[[[-75.570497831831972,5.046162430132799],[-75.570669878774723,5.046244186542461],[-75.570906341569568,5.046222335955879],[-75.571326450308746,5.045948717177853],[-75.571463108674209,5.046017332004033],[-75.571664438684977,5.046082099424367],[-75.571842324276687,5.046060157825633],[-75.572195251397176,5.045877539595828],[-75.572576928563493,5.045709073443168],[-75.572915073949773,5.045514038559328],[-75.573073925381024,5.045336999138938]]]}},
{"type":"Feature","properties":{"OBJECTID_12":28088,"OBJECTID_1":28088,"OBJECTID_2":0,"OBJECTID_3":28089,"OBJECTID_4":0,"OBJECTID":8167,"CODDEP":" ","TIPO":" ","NOMBRE":" ","ORDEN":" ","N_ORDEN":0,"SCU_CODIGO":" ","CUE_CODIGO":" ","NOM_CCA":" ","NOM_ANT":" ","NOM_NVO":" ","TIPO_CCA":" ","COD_DREP":" ","N_ORD_CCA":0,"LENGTH":0.0,"Shape_Leng":145.84988504899999,"Shape_Le_1":145.84988504899999,"NMG":"Quebrada La Manuela","TTDD":0,"TEDD":5102,"ID":7806,"ORDGRAV":4,"FRAGRAV":15,"Shape_Le_2":145.84988504899999,"Shape_Le_3":145.84988504899999,"Shape_Le_4":145.84988504899999,"OID_":0,"Name":" ","FolderPath":" ","SymbolID":0,"AltMode":0,"Base":0,"Clamped":0,"Extruded":0,"Snippet":" ","PopupInfo":" ","Shape_Le_5":145.84988504899999,"Shape_Le_6":145.84988504899999,"Shape_Le_7":145.84988504899999,"Shape_Le_8":145.83084017499999,"Shape_Length":145.83096393793375},"geometry":{"type":"MultiLineString","coordinates":[[[-75.581324744889628,5.045855702082044],[-75.581606508399986,5.045704690585478],[-75.581920902818339,5.045629228911784],[-75.582009600553505,5.045546275523394],[-75.582065432666511,5.045461834484576],[-75.582154148141612,5.045367419592709],[-75.582267049584516,5.045336066182157],[-75.582369893857759,5.045346246994383],[-75.582430487881481,5.045425849940933]]]}},
{"type":"Feature","properties":{"OBJECTID_12":28089,"OBJECTID_1":28089,"OBJECTID_2":0,"OBJECTID_3":28090,"OBJECTID_4":0,"OBJECTID":8168,"CODDEP":" ","TIPO":" ","NOMBRE":" ","ORDEN":" ","N_ORDEN":0,"SCU_CODIGO":" ","CUE_CODIGO":" ","NOM_CCA":" ","NOM_ANT":" ","NOM_NVO":" ","TIPO_CCA":" ","COD_DREP":" ","N_ORD_CCA":0,"LENGTH":0.0,"Shape_Leng":40.0219122707,"Shape_Le_1":40.0219122707,"NMG":" ","TTDD":0,"TEDD":5102,"ID":7807,"ORDGRAV":6,"FRAGRAV":10,"Shape_Le_2":40.0219122707,"Shape_Le_3":40.0219122707,"Shape_Le_4":40.0219122707,"OID_":0,"Name":" ","FolderPath":" ","SymbolID":0,"AltMode":0,"Base":0,"Clamped":0,"Extruded":0,"Snippet":" ","PopupInfo":" ","Shape_Le_5":40.0219122707,"Shape_Le_6":40.0219122707,"Shape_Le_7":40.0219122707,"Shape_Le_8":40.016548697499999,"Shape_Length":40.016680540864996},"geometry":{"type":"MultiLineString","coordinates":[[[-75.572724335582151,5.045249809786946],[-75.572802150162858,5.045277861843795],[-75.573073925381024,5.045336999138938]]]}},
{"type":"Feature","properties":{"OBJECTID_12":28090,"OBJECTID_1":28090,"OBJECTID_2":0,"OBJECTID_3":28091,"OBJECTID_4":0,"OBJECTID":8169,"CODDEP":" ","TIPO":" ","NOMBRE":" ","ORDEN":" ","N_ORDEN":0,"SCU_CODIGO":" ","CUE_CODIGO":" ","NOM_CCA":" ","NOM_ANT":" ","NOM_NVO":" ","TIPO_CCA":" ","COD_DREP":" ","N_ORD_CCA":0,"LENGTH":0.0,"Shape_Leng":27.245261345199999,"Shape_Le_1":27.245261345199999,"NMG":" ","TTDD":0,"TEDD":5102,"ID":7808,"ORDGRAV":5,"FRAGRAV":10,"Shape_Le_2":27.245261345199999,"Shape_Le_3":27.245261345199999,"Shape_Le_4":27.245261345199999,"OID_":0,"Name":" ","FolderPath":" ","SymbolID":0,"AltMode":0,"Base":0,"Clamped":0,"Extruded":0,"Snippet":" ","PopupInfo":" ","Shape_Le_5":27.245261345199999,"Shape_Le_6":27.245261345199999,"Shape_Le_7":27.245261345199999,"Shape_Le_8":27.241607519799999,"Shape_Length":27.241550832397831},"geometry":{"type":"MultiLineString","coordinates":[[[-75.573073925381024,5.045336999138938],[-75.573232768655558,5.045159969700127],[-75.573239063167975,5.045154810262848]]]}},
{"type":"Feature","properties":{"OBJECTID_12":28092,"OBJECTID_1":28092,"OBJECTID_2":0,"OBJECTID_3":28093,"OBJECTID_4":0,"OBJECTID":8171,"CODDEP":" ","TIPO":" ","NOMBRE":" ","ORDEN":" ","N_ORDEN":0,"SCU_CODIGO":" ","CUE_CODIGO":" ","NOM_CCA":" ","NOM_ANT":" ","NOM_NVO":" ","TIPO_CCA":" ","COD_DREP":" ","N_ORD_CCA":0,"LENGTH":0.0,"Shape_Leng":107.285669435,"Shape_Le_1":107.285669435,"NMG":" ","TTDD":0,"TEDD":5102,"ID":7810,"ORDGRAV":7,"FRAGRAV":10,"Shape_Le_2":107.285669435,"Shape_Le_3":107.285669435,"Shape_Le_4":107.285669435,"OID_":0,"Name":" ","FolderPath":" ","SymbolID":0,"AltMode":0,"Base":0,"Clamped":0,"Extruded":0,"Snippet":" ","PopupInfo":" ","Shape_Le_5":107.285669435,"Shape_Le_6":107.285669435,"Shape_Le_7":107.285669435,"Shape_Le_8":107.271202432,"Shape_Length":107.27119392878117},"geometry":{"type":"MultiLineString","coordinates":[[[-75.571876006091728,5.044912505716759],[-75.572100349350251,5.045106624794516],[-75.572257181612315,5.045214771767458],[-75.572384947701934,5.045272978175861],[-75.572549521995469,5.045261879909127],[-75.572724335582151,5.045249809786946]]]}},
{"type":"Feature","properties":{"OBJECTID_12":28094,"OBJECTID_1":28094,"OBJECTID_2":0,"OBJECTID_3":28095,"OBJECTID_4":0,"OBJECTID":8173,"CODDEP":" ","TIPO":" ","NOMBRE":" ","ORDEN":" ","N_ORDEN":0,"SCU_CODIGO":" ","CUE_CODIGO":" ","NOM_CCA":" ","NOM_ANT":" ","NOM_NVO":" ","TIPO_CCA":" ","COD_DREP":" ","N_ORD_CCA":0,"LENGTH":0.0,"Shape_Leng":250.990910187,"Shape_Le_1":250.990910187,"NMG":" ","TTDD":0,"TEDD":5102,"ID":7812,"ORDGRAV":5,"FRAGRAV":10,"Shape_Le_2":250.990910187,"Shape_Le_3":250.990910187,"Shape_Le_4":250.990910187,"OID_":0,"Name":" ","FolderPath":" ","SymbolID":0,"AltMode":0,"Base":0,"Clamped":0,"Extruded":0,"Snippet":" ","PopupInfo":" ","Shape_Le_5":250.990910187,"Shape_Le_6":250.990910187,"Shape_Le_7":250.990910187,"Shape_Le_8":250.95853494900001,"Shape_Length":250.95865618216806},"geometry":{"type":"MultiLineString","coordinates":[[[-75.586872315855231,5.044689701845789],[-75.587030796079674,5.045095537077184],[-75.587219412793857,5.04551715082334],[-75.587449312979885,5.04579952802817],[-75.587637519049991,5.046046200742935],[-75.587855204847642,5.046327905729455],[-75.587927792624356,5.046508509434551],[-75.587959185656018,5.046649797663667]]]}},
{"type":"Feature","properties":{"OBJECTID_12":28096,"OBJECTID_1":28096,"OBJECTID_2":0,"OBJECTID_3":28097,"OBJECTID_4":0,"OBJECTID":8175,"CODDEP":" ","TIPO":" ","NOMBRE":" ","ORDEN":" ","N_ORDEN":0,"SCU_CODIGO":" ","CUE_CODIGO":" ","NOM_CCA":" ","NOM_ANT":" ","NOM_NVO":" ","TIPO_CCA":" ","COD_DREP":" ","N_ORD_CCA":0,"LENGTH":0.0,"Shape_Leng":155.038230809,"Shape_Le_1":155.038230809,"NMG":" ","TTDD":0,"TEDD":5102,"ID":7814,"ORDGRAV":5,"FRAGRAV":10,"Shape_Le_2":155.038230809,"Shape_Le_3":155.038230809,"Shape_Le_4":155.038230809,"OID_":0,"Name":" ","FolderPath":" ","SymbolID":0,"AltMode":0,"Base":0,"Clamped":0,"Extruded":0,"Snippet":" ","PopupInfo":" ","Shape_Le_5":155.038230809,"Shape_Le_6":155.038230809,"Shape_Le_7":155.038230809,"Shape_Le_8":155.01749201800001,"Shape_Length":155.01761517593192},"geometry":{"type":"MultiLineString","coordinates":[[[-75.573239063167975,5.045154810262848],[-75.573470914008894,5.044964780463335],[-75.573877607721286,5.044784176492336],[-75.574325671548962,5.044642304427841],[-75.574346529067398,5.044639967770568],[-75.574425544976236,5.044631102448807],[-75.574508069253369,5.044621838958365]]]}},
{"type":"Feature","properties":{"OBJECTID_12":28097,"OBJECTID_1":28097,"OBJECTID_2":0,"OBJECTID_3":28098,"OBJECTID_4":0,"OBJECTID":8176,"CODDEP":" ","TIPO":" ","NOMBRE":" ","ORDEN":" ","N_ORDEN":0,"SCU_CODIGO":" ","CUE_CODIGO":" ","NOM_CCA":" ","NOM_ANT":" ","NOM_NVO":" ","TIPO_CCA":" ","COD_DREP":" ","N_ORD_CCA":0,"LENGTH":0.0,"Shape_Leng":116.14597517,"Shape_Le_1":116.14597517,"NMG":"Quebrada Minitas","TTDD":0,"TEDD":5101,"ID":7815,"ORDGRAV":4,"FRAGRAV":15,"Shape_Le_2":116.14597517,"Shape_Le_3":116.14597517,"Shape_Le_4":116.14597517,"OID_":0,"Name":" ","FolderPath":" ","SymbolID":0,"AltMode":0,"Base":0,"Clamped":0,"Extruded":0,"Snippet":" ","PopupInfo":" ","Shape_Le_5":116.14597517,"Shape_Le_6":116.14597517,"Shape_Le_7":116.14597517,"Shape_Le_8":116.130399066,"Shape_Length":116.13029388769041},"geometry":{"type":"MultiLineString","coordinates":[[[-75.573907500797674,5.045411829810968],[-75.573962681611931,5.045321687444117],[-75.574049892892901,5.045274549050774],[-75.574165690061477,5.045218850140922],[-75.57431656081647,5.045109484754811],[-75.574421811736826,5.044939885274712],[-75.574508069253369,5.044621838958365]]]}},
{"type":"Feature","properties":{"OBJECTID_12":28098,"OBJECTID_1":28098,"OBJECTID_2":0,"OBJECTID_3":28099,"OBJECTID_4":0,"OBJECTID":8177,"CODDEP":" ","TIPO":" ","NOMBRE":" ","ORDEN":" ","N_ORDEN":0,"SCU_CODIGO":" ","CUE_CODIGO":" ","NOM_CCA":" ","NOM_ANT":" ","NOM_NVO":" ","TIPO_CCA":" ","COD_DREP":" ","N_ORD_CCA":0,"LENGTH":0.0,"Shape_Leng":165.93541295200001,"Shape_Le_1":165.93541295200001,"NMG":" ","TTDD":0,"TEDD":5102,"ID":7816,"ORDGRAV":6,"FRAGRAV":10,"Shape_Le_2":165.93541295200001,"Shape_Le_3":165.93541295200001,"Shape_Le_4":165.93541295200001,"OID_":0,"Name":" ","FolderPath":" ","SymbolID":0,"AltMode":0,"Base":0,"Clamped":0,"Extruded":0,"Snippet":" ","PopupInfo":" ","Shape_Le_5":165.93541295200001,"Shape_Le_6":165.93541295200001,"Shape_Le_7":165.93541295200001,"Shape_Le_8":165.913158509,"Shape_Length":165.91309229063006},"geometry":{"type":"MultiLineString","coordinates":[[[-75.571743803935576,5.044284685072639],[-75.572059953158117,5.044471323468117],[-75.572303152135845,5.044541785562576],[-75.572444724886353,5.044660545873545],[-75.572542984888273,5.044868411419391],[-75.57258804318451,5.045160070824529],[-75.572646522814324,5.045221759518379],[-75.572724335582151,5.045249809786946]]]}},
{"type":"Feature","properties":{"OBJECTID_12":28099,"OBJECTID_1":28099,"OBJECTID_2":0,"OBJECTID_3":28100,"OBJECTID_4":0,"OBJECTID":8178,"CODDEP":" ","TIPO":" ","NOMBRE":" ","ORDEN":" ","N_ORDEN":0,"SCU_CODIGO":" ","CUE_CODIGO":" ","NOM_CCA":" ","NOM_ANT":" ","NOM_NVO":" ","TIPO_CCA":" ","COD_DREP":" ","N_ORD_CCA":0,"LENGTH":0.0,"Shape_Leng":104.909308856,"Shape_Le_1":104.909308856,"NMG":" ","TTDD":0,"TEDD":5102,"ID":7817,"ORDGRAV":6,"FRAGRAV":10,"Shape_Le_2":104.909308856,"Shape_Le_3":104.909308856,"Shape_Le_4":104.909308856,"OID_":0,"Name":" ","FolderPath":" ","SymbolID":0,"AltMode":0,"Base":0,"Clamped":0,"Extruded":0,"Snippet":" ","PopupInfo":" ","Shape_Le_5":104.909308856,"Shape_Le_6":104.909308856,"Shape_Le_7":104.909308856,"Shape_Le_8":104.895188651,"Shape_Length":104.89521782972176},"geometry":{"type":"MultiLineString","coordinates":[[[-75.572968242992658,5.04427269585241],[-75.573038387179508,5.044409587229049],[-75.57304565436165,5.044623812009412],[-75.573053453897231,5.0448255460824],[-75.573239063167975,5.045154810262848]]]}},
{"type":"Feature","properties":{"OBJECTID_12":28100,"OBJECTID_1":28100,"OBJECTID_2":0,"OBJECTID_3":28101,"OBJECTID_4":0,"OBJECTID":8179,"CODDEP":" ","TIPO":" ","NOMBRE":" ","ORDEN":" ","N_ORDEN":0,"SCU_CODIGO":" ","CUE_CODIGO":" ","NOM_CCA":" ","NOM_ANT":" ","NOM_NVO":" ","TIPO_CCA":" ","COD_DREP":" ","N_ORD_CCA":0,"LENGTH":0.0,"Shape_Leng":405.07479009000002,"Shape_Le_1":405.07479009000002,"NMG":" ","TTDD":0,"TEDD":5102,"ID":7818,"ORDGRAV":5,"FRAGRAV":10,"Shape_Le_2":405.07479009000002,"Shape_Le_3":405.07479009000002,"Shape_Le_4":405.07479009000002,"OID_":0,"Name":" ","FolderPath":" ","SymbolID":0,"AltMode":0,"Base":0,"Clamped":0,"Extruded":0,"Snippet":" ","PopupInfo":" ","Shape_Le_5":405.07479009000002,"Shape_Le_6":405.07479009000002,"Shape_Le_7":405.07479009000002,"Shape_Le_8":405.02278253899999,"Shape_Length":405.02279864911287},"geometry":{"type":"MultiLineString","coordinates":[[[-75.588206924744171,5.043889272731642],[-75.58845186219655,5.044225851585965],[-75.588730727085533,5.044545413456338],[-75.589198048263754,5.044845032101197],[-75.589362211292737,5.044929798425367],[-75.589467909601424,5.045028893794642],[-75.58963044682389,5.045249742761959],[-75.589710844761001,5.045465456669066],[-75.589720453816511,5.045592244677441],[-75.589528440885601,5.045835379147571],[-75.58931470016887,5.045953247618447],[-75.58923245987765,5.046015442813832],[-75.58919034086955,5.046177949636014],[-75.58918723307255,5.046334557967897],[-75.589208332995284,5.046505444141375],[-75.589202895210519,5.046652657239387]]]}},
{"type":"Feature","properties":{"OBJECTID_12":28102,"OBJECTID_1":28102,"OBJECTID_2":0,"OBJECTID_3":28103,"OBJECTID_4":0,"OBJECTID":8181,"CODDEP":" ","TIPO":" ","NOMBRE":" ","ORDEN":" ","N_ORDEN":0,"SCU_CODIGO":" ","CUE_CODIGO":" ","NOM_CCA":" ","NOM_ANT":" ","NOM_NVO":" ","TIPO_CCA":" ","COD_DREP":" ","N_ORD_CCA":0,"LENGTH":0.0,"Shape_Leng":277.47815964799997,"Shape_Le_1":277.47815964799997,"NMG":" ","TTDD":0,"TEDD":5102,"ID":7820,"ORDGRAV":5,"FRAGRAV":10,"Shape_Le_2":277.47815964799997,"Shape_Le_3":277.47815964799997,"Shape_Le_4":277.47815964799997,"OID_":0,"Name":" ","FolderPath":" ","SymbolID":0,"AltMode":0,"Base":0,"Clamped":0,"Extruded":0,"Snippet":" ","PopupInfo":" ","Shape_Le_5":277.47815964799997,"Shape_Le_6":277.47815964799997,"Shape_Le_7":277.47815964799997,"Shape_Le_8":277.44212664100002,"Shape_Length":277.44243602957874},"geometry":{"type":"MultiLineString","coordinates":[[[-75.585660027261284,5.04366781041037],[-75.585271476977468,5.043921139281108],[-75.585087529005946,5.044027755517303],[-75.584957412182746,5.044109222087872],[-75.584836754065734,5.044185702801891],[-75.584772792252124,5.044328324983554],[-75.584817789360798,5.044566167457392],[-75.584798489310501,5.04479015993574],[-75.584767638674236,5.044881087097409],[-75.584738095026481,5.044917955899401],[-75.584682801828265,5.044986957134773],[-75.584552705622968,5.045149303605296],[-75.584616108269145,5.045408597897561],[-75.584643672820206,5.045609909561323]]]}},
{"type":"Feature","properties":{"OBJECTID_12":28104,"OBJECTID_1":28104,"OBJECTID_2":0,"OBJECTID_3":28105,"OBJECTID_4":0,"OBJECTID":8183,"CODDEP":" ","TIPO":" ","NOMBRE":" ","ORDEN":" ","N_ORDEN":0,"SCU_CODIGO":" ","CUE_CODIGO":" ","NOM_CCA":" ","NOM_ANT":" ","NOM_NVO":" ","TIPO_CCA":" ","COD_DREP":" ","N_ORD_CCA":0,"LENGTH":0.0,"Shape_Leng":222.87670470699999,"Shape_Le_1":222.87670470699999,"NMG":"Quebrada Minitas","TTDD":0,"TEDD":5101,"ID":7822,"ORDGRAV":4,"FRAGRAV":15,"Shape_Le_2":222.87670470699999,"Shape_Le_3":222.87670470699999,"Shape_Le_4":222.87670470699999,"OID_":0,"Name":" ","FolderPath":" ","SymbolID":0,"AltMode":0,"Base":0,"Clamped":0,"Extruded":0,"Snippet":" ","PopupInfo":" ","Shape_Le_5":222.87670470699999,"Shape_Le_6":222.87670470699999,"Shape_Le_7":222.87670470699999,"Shape_Le_8":222.84704472499999,"Shape_Length":222.84693846012053},"geometry":{"type":"MultiLineString","coordinates":[[[-75.574508069253369,5.044621838958365],[-75.574715415792028,5.044486051043435],[-75.574825689581274,5.044295692128731],[-75.574893124713711,5.044102401960911],[-75.574926382289618,5.043831700247597],[-75.574923301933495,5.043498624688767],[-75.574964216909891,5.043363310461006],[-75.575036413127236,5.043325458148579],[-75.57527472597846,5.043247388455772],[-75.575370551685381,5.04317304176617],[-75.575413285245233,5.043172444677645],[-75.575441537171542,5.043172048762747],[-75.575493364698715,5.043171328814895],[-75.575509836033646,5.043171094432413]]]}},
{"type":"Feature","properties":{"OBJECTID_12":28107,"OBJECTID_1":28107,"OBJECTID_2":0,"OBJECTID_3":28108,"OBJECTID_4":0,"OBJECTID":8186,"CODDEP":" ","TIPO":" ","NOMBRE":" ","ORDEN":" ","N_ORDEN":0,"SCU_CODIGO":" ","CUE_CODIGO":" ","NOM_CCA":" ","NOM_ANT":" ","NOM_NVO":" ","TIPO_CCA":" ","COD_DREP":" ","N_ORD_CCA":0,"LENGTH":0.0,"Shape_Leng":340.45327128399998,"Shape_Le_1":340.45327128399998,"NMG":" ","TTDD":0,"TEDD":5102,"ID":7825,"ORDGRAV":5,"FRAGRAV":10,"Shape_Le_2":340.45327128399998,"Shape_Le_3":340.45327128399998,"Shape_Le_4":340.45327128399998,"OID_":0,"Name":" ","FolderPath":" ","SymbolID":0,"AltMode":0,"Base":0,"Clamped":0,"Extruded":0,"Snippet":" ","PopupInfo":" ","Shape_Le_5":340.45327128399998,"Shape_Le_6":340.45327128399998,"Shape_Le_7":340.45327128399998,"Shape_Le_8":340.40742505999998,"Shape_Length":340.4073376286712},"geometry":{"type":"MultiLineString","coordinates":[[[-75.570328369985745,5.043510473109804],[-75.570669684789564,5.043464058179523],[-75.570933472039471,5.043433395070463],[-75.571219709694617,5.043389810812],[-75.571516446993257,5.043210343558391],[-75.571716694093766,5.043045903223379],[-75.571856697859488,5.042957746919837],[-75.572048794436924,5.042984534821599],[-75.572230261655065,5.043065953678711],[-75.572542471096099,5.043018432644327],[-75.572786196880642,5.042949962162063],[-75.573008525015325,5.042826377198788],[-75.57318004271842,5.042762168960379]]]}},
{"type":"Feature","properties":{"OBJECTID_12":28108,"OBJECTID_1":28108,"OBJECTID_2":0,"OBJECTID_3":28109,"OBJECTID_4":0,"OBJECTID":8187,"CODDEP":" ","TIPO":" ","NOMBRE":" ","ORDEN":" ","N_ORDEN":0,"SCU_CODIGO":" ","CUE_CODIGO":" ","NOM_CCA":" ","NOM_ANT":" ","NOM_NVO":" ","TIPO_CCA":" ","COD_DREP":" ","N_ORD_CCA":0,"LENGTH":0.0,"Shape_Leng":272.67401342,"Shape_Le_1":272.67401342,"NMG":" ","TTDD":0,"TEDD":5102,"ID":7826,"ORDGRAV":5,"FRAGRAV":10,"Shape_Le_2":272.67401342,"Shape_Le_3":272.67401342,"Shape_Le_4":272.67401342,"OID_":0,"Name":" ","FolderPath":" ","SymbolID":0,"AltMode":0,"Base":0,"Clamped":0,"Extruded":0,"Snippet":" ","PopupInfo":" ","Shape_Le_5":272.67401342,"Shape_Le_6":272.67401342,"Shape_Le_7":272.67401342,"Shape_Le_8":272.637690738,"Shape_Length":272.63754956790211},"geometry":{"type":"MultiLineString","coordinates":[[[-75.57318004271842,5.042762168960379],[-75.573444818969335,5.042748654956678],[-75.573796896868629,5.042788578236188],[-75.574311049875519,5.042875296264421],[-75.574649567207487,5.042956527656919],[-75.574767415039403,5.042960280948941],[-75.575168906255271,5.042913609142125],[-75.57525429091919,5.042914374555233],[-75.575442300024989,5.04310324874455],[-75.575458273856867,5.043119294967653],[-75.575496973332818,5.04315817497056],[-75.575509836033646,5.043171094432413]]]}},
{"type":"Feature","properties":{"OBJECTID_12":28114,"OBJECTID_1":28114,"OBJECTID_2":0,"OBJECTID_3":28115,"OBJECTID_4":0,"OBJECTID":8193,"CODDEP":" ","TIPO":" ","NOMBRE":" ","ORDEN":" ","N_ORDEN":0,"SCU_CODIGO":" ","CUE_CODIGO":" ","NOM_CCA":" ","NOM_ANT":" ","NOM_NVO":" ","TIPO_CCA":" ","COD_DREP":" ","N_ORD_CCA":0,"LENGTH":0.0,"Shape_Leng":100.867227007,"Shape_Le_1":100.867227007,"NMG":" ","TTDD":0,"TEDD":5102,"ID":7832,"ORDGRAV":4,"FRAGRAV":15,"Shape_Le_2":100.867227007,"Shape_Le_3":100.867227007,"Shape_Le_4":100.867227007,"OID_":0,"Name":" ","FolderPath":" ","SymbolID":0,"AltMode":0,"Base":0,"Clamped":0,"Extruded":0,"Snippet":" ","PopupInfo":" ","Shape_Le_5":100.867227007,"Shape_Le_6":100.867227007,"Shape_Le_7":100.867227007,"Shape_Le_8":100.85426079299999,"Shape_Length":100.85423781588698},"geometry":{"type":"MultiLineString","coordinates":[[[-75.588128055554748,5.043131075456453],[-75.588157231246782,5.042794818070838],[-75.588419982249519,5.042441253927723],[-75.588497548809187,5.042332936489245]]]}},
{"type":"Feature","properties":{"OBJECTID_12":28115,"OBJECTID_1":28115,"OBJECTID_2":0,"OBJECTID_3":28116,"OBJECTID_4":0,"OBJECTID":8194,"CODDEP":" ","TIPO":" ","NOMBRE":" ","ORDEN":" ","N_ORDEN":0,"SCU_CODIGO":" ","CUE_CODIGO":" ","NOM_CCA":" ","NOM_ANT":" ","NOM_NVO":" ","TIPO_CCA":" ","COD_DREP":" ","N_ORD_CCA":0,"LENGTH":0.0,"Shape_Leng":240.17406721699999,"Shape_Le_1":240.17406721699999,"NMG":"Quebrada Minitas","TTDD":0,"TEDD":5101,"ID":7833,"ORDGRAV":4,"FRAGRAV":15,"Shape_Le_2":240.17406721699999,"Shape_Le_3":240.17406721699999,"Shape_Le_4":240.17406721699999,"OID_":0,"Name":" ","FolderPath":" ","SymbolID":0,"AltMode":0,"Base":0,"Clamped":0,"Extruded":0,"Snippet":" ","PopupInfo":" ","Shape_Le_5":240.17406721699999,"Shape_Le_6":240.17406721699999,"Shape_Le_7":240.17406721699999,"Shape_Le_8":240.14220439499999,"Shape_Length":240.14221923879279},"geometry":{"type":"MultiLineString","coordinates":[[[-75.575509836033646,5.043171094432413],[-75.57552509660789,5.043175227215907],[-75.575565990046471,5.043186304141641],[-75.575664063740732,5.043212875106359],[-75.575819728697624,5.043244620664065],[-75.57597334773736,5.043205453555498],[-75.576164922299043,5.04311118547313],[-75.576486015976059,5.042850227006186],[-75.576992920861855,5.042448690857469],[-75.577354550381727,5.042243896105624]]]}},
{"type":"Feature","properties":{"OBJECTID_12":28116,"OBJECTID_1":28116,"OBJECTID_2":0,"OBJECTID_3":28117,"OBJECTID_4":0,"OBJECTID":8195,"CODDEP":" ","TIPO":" ","NOMBRE":" ","ORDEN":" ","N_ORDEN":0,"SCU_CODIGO":" ","CUE_CODIGO":" ","NOM_CCA":" ","NOM_ANT":" ","NOM_NVO":" ","TIPO_CCA":" ","COD_DREP":" ","N_ORD_CCA":0,"LENGTH":0.0,"Shape_Leng":348.86862322899998,"Shape_Le_1":348.86862322899998,"NMG":" ","TTDD":0,"TEDD":5102,"ID":7834,"ORDGRAV":5,"FRAGRAV":10,"Shape_Le_2":348.86862322899998,"Shape_Le_3":348.86862322899998,"Shape_Le_4":348.86862322899998,"OID_":0,"Name":" ","FolderPath":" ","SymbolID":0,"AltMode":0,"Base":0,"Clamped":0,"Extruded":0,"Snippet":" ","PopupInfo":" ","Shape_Le_5":348.86862322899998,"Shape_Le_6":348.86862322899998,"Shape_Le_7":348.86862322899998,"Shape_Le_8":348.82245772599998,"Shape_Length":348.82230482534811},"geometry":{"type":"MultiLineString","coordinates":[[[-75.576673507737254,5.044961984621112],[-75.576887773816821,5.044749555728578],[-75.577002415414611,5.044624168180301],[-75.577303810214772,5.044277858275355],[-75.577343544854088,5.044232209078054],[-75.577375018563203,5.044196039774585],[-75.577529079946729,5.043815989000013],[-75.577650408834018,5.043397150524616],[-75.577686091769095,5.043243710673417],[-75.57770574523505,5.042996621950859],[-75.577654626915816,5.042774925888879],[-75.577600737852407,5.042508394849464],[-75.577432293581666,5.042322082100627],[-75.577354550381727,5.042243896105624]]]}},
{"type":"Feature","properties":{"OBJECTID_12":28118,"OBJECTID_1":28118,"OBJECTID_2":0,"OBJECTID_3":28119,"OBJECTID_4":0,"OBJECTID":8197,"CODDEP":" ","TIPO":" ","NOMBRE":" ","ORDEN":" ","N_ORDEN":0,"SCU_CODIGO":" ","CUE_CODIGO":" ","NOM_CCA":" ","NOM_ANT":" ","NOM_NVO":" ","TIPO_CCA":" ","COD_DREP":" ","N_ORD_CCA":0,"LENGTH":0.0,"Shape_Leng":90.892303541999993,"Shape_Le_1":90.892303541999993,"NMG":" ","TTDD":0,"TEDD":5102,"ID":7836,"ORDGRAV":6,"FRAGRAV":10,"Shape_Le_2":90.892303541999993,"Shape_Le_3":90.892303541999993,"Shape_Le_4":90.892303541999993,"OID_":0,"Name":" ","FolderPath":" ","SymbolID":0,"AltMode":0,"Base":0,"Clamped":0,"Extruded":0,"Snippet":" ","PopupInfo":" ","Shape_Le_5":90.892303541999993,"Shape_Le_6":90.892303541999993,"Shape_Le_7":90.892303541999993,"Shape_Le_8":90.880088386099999,"Shape_Length":90.879992416857249},"geometry":{"type":"MultiLineString","coordinates":[[[-75.572629650826244,5.042195227650924],[-75.572879008121276,5.042530671882679],[-75.572953707369919,5.042670221529392],[-75.57318004271842,5.042762168960379]]]}},
{"type":"Feature","properties":{"OBJECTID_12":28119,"OBJECTID_1":28119,"OBJECTID_2":0,"OBJECTID_3":28120,"OBJECTID_4":0,"OBJECTID":8198,"CODDEP":" ","TIPO":" ","NOMBRE":" ","ORDEN":" ","N_ORDEN":0,"SCU_CODIGO":" ","CUE_CODIGO":" ","NOM_CCA":" ","NOM_ANT":" ","NOM_NVO":" ","TIPO_CCA":" ","COD_DREP":" ","N_ORD_CCA":0,"LENGTH":0.0,"Shape_Leng":11.8508558073,"Shape_Le_1":11.8508558073,"NMG":" ","TTDD":0,"TEDD":5102,"ID":7837,"ORDGRAV":3,"FRAGRAV":15,"Shape_Le_2":11.8508558073,"Shape_Le_3":11.8508558073,"Shape_Le_4":11.8508558073,"OID_":0,"Name":" ","FolderPath":" ","SymbolID":0,"AltMode":0,"Base":0,"Clamped":0,"Extruded":0,"Snippet":" ","PopupInfo":" ","Shape_Le_5":11.8508558073,"Shape_Le_6":11.8508558073,"Shape_Le_7":11.8508558073,"Shape_Le_8":11.849271918399999,"Shape_Length":11.849134014885436},"geometry":{"type":"MultiLineString","coordinates":[[[-75.580916666715169,5.042145432911959],[-75.580860107085144,5.042236315776009]]]}},
{"type":"Feature","properties":{"OBJECTID_12":28120,"OBJECTID_1":28120,"OBJECTID_2":0,"OBJECTID_3":28121,"OBJECTID_4":0,"OBJECTID":8199,"CODDEP":" ","TIPO":" ","NOMBRE":" ","ORDEN":" ","N_ORDEN":0,"SCU_CODIGO":" ","CUE_CODIGO":" ","NOM_CCA":" ","NOM_ANT":" ","NOM_NVO":" ","TIPO_CCA":" ","COD_DREP":" ","N_ORD_CCA":0,"LENGTH":0.0,"Shape_Leng":10.0943517567,"Shape_Le_1":10.0943517567,"NMG":" ","TTDD":0,"TEDD":5102,"ID":7838,"ORDGRAV":3,"FRAGRAV":15,"Shape_Le_2":10.0943517567,"Shape_Le_3":10.0943517567,"Shape_Le_4":10.0943517567,"OID_":0,"Name":" ","FolderPath":" ","SymbolID":0,"AltMode":0,"Base":0,"Clamped":0,"Extruded":0,"Snippet":" ","PopupInfo":" ","Shape_Le_5":10.0943517567,"Shape_Le_6":10.0943517567,"Shape_Le_7":10.0943517567,"Shape_Le_8":10.0929764688,"Shape_Length":10.092909369722653},"geometry":{"type":"MultiLineString","coordinates":[[[-75.580916666715169,5.042145432911959],[-75.580855341580005,5.042078017209722]]]}},
{"type":"Feature","properties":{"OBJECTID_12":28126,"OBJECTID_1":28126,"OBJECTID_2":0,"OBJECTID_3":28127,"OBJECTID_4":0,"OBJECTID":8205,"CODDEP":" ","TIPO":" ","NOMBRE":" ","ORDEN":" ","N_ORDEN":0,"SCU_CODIGO":" ","CUE_CODIGO":" ","NOM_CCA":" ","NOM_ANT":" ","NOM_NVO":" ","TIPO_CCA":" ","COD_DREP":" ","N_ORD_CCA":0,"LENGTH":0.0,"Shape_Leng":165.49955259399999,"Shape_Le_1":165.49955259399999,"NMG":" ","TTDD":0,"TEDD":5102,"ID":7844,"ORDGRAV":4,"FRAGRAV":15,"Shape_Le_2":165.49955259399999,"Shape_Le_3":165.49955259399999,"Shape_Le_4":165.49955259399999,"OID_":0,"Name":" ","FolderPath":" ","SymbolID":0,"AltMode":0,"Base":0,"Clamped":0,"Extruded":0,"Snippet":" ","PopupInfo":" ","Shape_Le_5":165.49955259399999,"Shape_Le_6":165.49955259399999,"Shape_Le_7":165.49955259399999,"Shape_Le_8":165.47832111,"Shape_Length":165.47826911840647},"geometry":{"type":"MultiLineString","coordinates":[[[-75.588497548809187,5.042332936489245],[-75.58867068171628,5.042141226675557],[-75.588850568196392,5.042045037876324],[-75.589061140957497,5.0419676877104],[-75.589159402274589,5.041896406844725],[-75.589394056029406,5.041825339122709],[-75.589463161779804,5.041692214152882],[-75.58956455073259,5.041526562739459],[-75.589617461295916,5.041446238005696]]]}},
{"type":"Feature","properties":{"OBJECTID_12":28129,"OBJECTID_1":28129,"OBJECTID_2":0,"OBJECTID_3":28130,"OBJECTID_4":0,"OBJECTID":8208,"CODDEP":" ","TIPO":" ","NOMBRE":" ","ORDEN":" ","N_ORDEN":0,"SCU_CODIGO":" ","CUE_CODIGO":" ","NOM_CCA":" ","NOM_ANT":" ","NOM_NVO":" ","TIPO_CCA":" ","COD_DREP":" ","N_ORD_CCA":0,"LENGTH":0.0,"Shape_Leng":191.45776343700001,"Shape_Le_1":191.45776343700001,"NMG":" ","TTDD":0,"TEDD":5102,"ID":7847,"ORDGRAV":4,"FRAGRAV":15,"Shape_Le_2":191.45776343700001,"Shape_Le_3":191.45776343700001,"Shape_Le_4":191.45776343700001,"OID_":0,"Name":" ","FolderPath":" ","SymbolID":0,"AltMode":0,"Base":0,"Clamped":0,"Extruded":0,"Snippet":" ","PopupInfo":" ","Shape_Le_5":191.45776343700001,"Shape_Le_6":191.45776343700001,"Shape_Le_7":191.45776343700001,"Shape_Le_8":191.43312457600001,"Shape_Length":191.43317466981418},"geometry":{"type":"MultiLineString","coordinates":[[[-75.587483474074205,5.042187095947559],[-75.588003598362619,5.041911876696805],[-75.588502957590464,5.041567263795746],[-75.588904691201634,5.041354401196418],[-75.588971417949949,5.041315292141475]]]}},
{"type":"Feature","properties":{"OBJECTID_12":28132,"OBJECTID_1":28132,"OBJECTID_2":0,"OBJECTID_3":28133,"OBJECTID_4":0,"OBJECTID":8211,"CODDEP":" ","TIPO":" ","NOMBRE":" ","ORDEN":" ","N_ORDEN":0,"SCU_CODIGO":" ","CUE_CODIGO":" ","NOM_CCA":" ","NOM_ANT":" ","NOM_NVO":" ","TIPO_CCA":" ","COD_DREP":" ","N_ORD_CCA":0,"LENGTH":0.0,"Shape_Leng":156.10671700500001,"Shape_Le_1":156.10671700500001,"NMG":"Quebrada Minitas","TTDD":0,"TEDD":5101,"ID":7850,"ORDGRAV":4,"FRAGRAV":15,"Shape_Le_2":156.10671700500001,"Shape_Le_3":156.10671700500001,"Shape_Le_4":156.10671700500001,"OID_":0,"Name":" ","FolderPath":" ","SymbolID":0,"AltMode":0,"Base":0,"Clamped":0,"Extruded":0,"Snippet":" ","PopupInfo":" ","Shape_Le_5":156.10671700500001,"Shape_Le_6":156.10671700500001,"Shape_Le_7":156.10671700500001,"Shape_Le_8":156.08607232200001,"Shape_Length":156.08603628366745},"geometry":{"type":"MultiLineString","coordinates":[[[-75.577354550381727,5.042243896105624],[-75.577516518083613,5.041875975440901],[-75.577630357242398,5.041694925772298],[-75.577818414553491,5.041556961124972],[-75.577963545322987,5.041470512405888],[-75.578065120161526,5.041366082761898],[-75.57811461118601,5.041229351403332],[-75.578102259897662,5.041129415190398]]]}},
{"type":"Feature","properties":{"OBJECTID_12":28133,"OBJECTID_1":28133,"OBJECTID_2":0,"OBJECTID_3":28134,"OBJECTID_4":0,"OBJECTID":8212,"CODDEP":" ","TIPO":" ","NOMBRE":" ","ORDEN":" ","N_ORDEN":0,"SCU_CODIGO":" ","CUE_CODIGO":" ","NOM_CCA":" ","NOM_ANT":" ","NOM_NVO":" ","TIPO_CCA":" ","COD_DREP":" ","N_ORD_CCA":0,"LENGTH":0.0,"Shape_Leng":85.849564993100003,"Shape_Le_1":85.849564993100003,"NMG":" ","TTDD":0,"TEDD":5102,"ID":7852,"ORDGRAV":5,"FRAGRAV":10,"Shape_Le_2":85.849564993100003,"Shape_Le_3":85.849564993100003,"Shape_Le_4":85.849564993100003,"OID_":0,"Name":" ","FolderPath":" ","SymbolID":0,"AltMode":0,"Base":0,"Clamped":0,"Extruded":0,"Snippet":" ","PopupInfo":" ","Shape_Le_5":85.849564993100003,"Shape_Le_6":85.849564993100003,"Shape_Le_7":85.849564993100003,"Shape_Le_8":85.838002655799997,"Shape_Length":85.838174298767711},"geometry":{"type":"MultiLineString","coordinates":[[[-75.57398044236966,5.041360445258131],[-75.574069857180078,5.04126351855101],[-75.574385112673227,5.041090828909677],[-75.574503133913424,5.040977119634767],[-75.574583434005888,5.040888579466361]]]}},
{"type":"Feature","properties":{"OBJECTID_12":28134,"OBJECTID_1":28134,"OBJECTID_2":0,"OBJECTID_3":28135,"OBJECTID_4":0,"OBJECTID":8213,"CODDEP":" ","TIPO":" ","NOMBRE":" ","ORDEN":" ","N_ORDEN":0,"SCU_CODIGO":" ","CUE_CODIGO":" ","NOM_CCA":" ","NOM_ANT":" ","NOM_NVO":" ","TIPO_CCA":" ","COD_DREP":" ","N_ORD_CCA":0,"LENGTH":0.0,"Shape_Leng":58.195806343699999,"Shape_Le_1":58.195806343699999,"NMG":" ","TTDD":0,"TEDD":5102,"ID":7853,"ORDGRAV":6,"FRAGRAV":10,"Shape_Le_2":58.195806343699999,"Shape_Le_3":58.195806343699999,"Shape_Le_4":58.195806343699999,"OID_":0,"Name":" ","FolderPath":" ","SymbolID":0,"AltMode":0,"Base":0,"Clamped":0,"Extruded":0,"Snippet":" ","PopupInfo":" ","Shape_Le_5":58.195806343699999,"Shape_Le_6":58.195806343699999,"Shape_Le_7":58.195806343699999,"Shape_Le_8":58.187988120200004,"Shape_Length":58.188077105844101},"geometry":{"type":"MultiLineString","coordinates":[[[-75.574597574303482,5.041414081741515],[-75.574587801776119,5.041328712968911],[-75.574583434005888,5.040888579466361]]]}},
{"type":"Feature","properties":{"OBJECTID_12":28135,"OBJECTID_1":28135,"OBJECTID_2":0,"OBJECTID_3":28136,"OBJECTID_4":0,"OBJECTID":8214,"CODDEP":" ","TIPO":" ","NOMBRE":" ","ORDEN":" ","N_ORDEN":0,"SCU_CODIGO":" ","CUE_CODIGO":" ","NOM_CCA":" ","NOM_ANT":" ","NOM_NVO":" ","TIPO_CCA":" ","COD_DREP":" ","N_ORD_CCA":0,"LENGTH":0.0,"Shape_Leng":167.388848873,"Shape_Le_1":167.388848873,"NMG":" ","TTDD":0,"TEDD":5102,"ID":7854,"ORDGRAV":5,"FRAGRAV":10,"Shape_Le_2":167.388848873,"Shape_Le_3":167.388848873,"Shape_Le_4":167.388848873,"OID_":0,"Name":" ","FolderPath":" ","SymbolID":0,"AltMode":0,"Base":0,"Clamped":0,"Extruded":0,"Snippet":" ","PopupInfo":" ","Shape_Le_5":167.388848873,"Shape_Le_6":167.388848873,"Shape_Le_7":167.388848873,"Shape_Le_8":167.36674091099999,"Shape_Length":167.36671656317193},"geometry":{"type":"MultiLineString","coordinates":[[[-75.579515169878206,5.040741232614889],[-75.579274119598608,5.040684421926021],[-75.579001437930401,5.040761072797487],[-75.57852643084631,5.040954495498386],[-75.578376989074783,5.041058135023209],[-75.578102259897662,5.041129415190398]]]}},
{"type":"Feature","properties":{"OBJECTID_12":28137,"OBJECTID_1":28137,"OBJECTID_2":0,"OBJECTID_3":28138,"OBJECTID_4":0,"OBJECTID":8216,"CODDEP":" ","TIPO":" ","NOMBRE":" ","ORDEN":" ","N_ORDEN":0,"SCU_CODIGO":" ","CUE_CODIGO":" ","NOM_CCA":" ","NOM_ANT":" ","NOM_NVO":" ","TIPO_CCA":" ","COD_DREP":" ","N_ORD_CCA":0,"LENGTH":0.0,"Shape_Leng":344.41253070900001,"Shape_Le_1":344.41253070900001,"NMG":" ","TTDD":0,"TEDD":5102,"ID":7856,"ORDGRAV":3,"FRAGRAV":15,"Shape_Le_2":344.41253070900001,"Shape_Le_3":344.41253070900001,"Shape_Le_4":344.41253070900001,"OID_":0,"Name":" ","FolderPath":" ","SymbolID":0,"AltMode":0,"Base":0,"Clamped":0,"Extruded":0,"Snippet":" ","PopupInfo":" ","Shape_Le_5":344.41253070900001,"Shape_Le_6":344.41253070900001,"Shape_Le_7":344.41253070900001,"Shape_Le_8":344.36808182200002,"Shape_Length":344.36791196404238},"geometry":{"type":"MultiLineString","coordinates":[[[-75.586168771148124,5.04086933006078],[-75.586641424610193,5.041003248731569],[-75.586997847074599,5.041008786940455],[-75.587241004790002,5.040988219546576],[-75.587549028449502,5.040870485970238],[-75.587782082853607,5.040734738136229],[-75.587902866707111,5.040685493136399],[-75.588071460160819,5.040669979864255],[-75.588205676886702,5.040718884666111],[-75.588334086750763,5.040827947508221],[-75.588543623674553,5.041014445848114],[-75.588856892301735,5.041221910208577],[-75.588971417949949,5.041315292141475]]]}},
{"type":"Feature","properties":{"OBJECTID_12":28139,"OBJECTID_1":28139,"OBJECTID_2":0,"OBJECTID_3":28140,"OBJECTID_4":0,"OBJECTID":8218,"CODDEP":" ","TIPO":" ","NOMBRE":" ","ORDEN":" ","N_ORDEN":0,"SCU_CODIGO":" ","CUE_CODIGO":" ","NOM_CCA":" ","NOM_ANT":" ","NOM_NVO":" ","TIPO_CCA":" ","COD_DREP":" ","N_ORD_CCA":0,"LENGTH":0.0,"Shape_Leng":71.877474327800002,"Shape_Le_1":71.877474327800002,"NMG":" ","TTDD":0,"TEDD":5102,"ID":7858,"ORDGRAV":6,"FRAGRAV":10,"Shape_Le_2":71.877474327800002,"Shape_Le_3":71.877474327800002,"Shape_Le_4":71.877474327800002,"OID_":0,"Name":" ","FolderPath":" ","SymbolID":0,"AltMode":0,"Base":0,"Clamped":0,"Extruded":0,"Snippet":" ","PopupInfo":" ","Shape_Le_5":71.877474327800002,"Shape_Le_6":71.877474327800002,"Shape_Le_7":71.877474327800002,"Shape_Le_8":71.8679073152,"Shape_Length":71.868030776819822},"geometry":{"type":"MultiLineString","coordinates":[[[-75.57509804486898,5.041190547164036],[-75.575134642178469,5.041090243988492],[-75.575276387003754,5.040814112671094],[-75.575360344909754,5.040597507832543]]]}},
{"type":"Feature","properties":{"OBJECTID_12":28140,"OBJECTID_1":28140,"OBJECTID_2":0,"OBJECTID_3":28141,"OBJECTID_4":0,"OBJECTID":8219,"CODDEP":" ","TIPO":" ","NOMBRE":" ","ORDEN":" ","N_ORDEN":0,"SCU_CODIGO":" ","CUE_CODIGO":" ","NOM_CCA":" ","NOM_ANT":" ","NOM_NVO":" ","TIPO_CCA":" ","COD_DREP":" ","N_ORD_CCA":0,"LENGTH":0.0,"Shape_Leng":58.5242440265,"Shape_Le_1":58.5242440265,"NMG":" ","TTDD":0,"TEDD":5102,"ID":7859,"ORDGRAV":5,"FRAGRAV":10,"Shape_Le_2":58.5242440265,"Shape_Le_3":58.5242440265,"Shape_Le_4":58.5242440265,"OID_":0,"Name":" ","FolderPath":" ","SymbolID":0,"AltMode":0,"Base":0,"Clamped":0,"Extruded":0,"Snippet":" ","PopupInfo":" ","Shape_Le_5":58.5242440265,"Shape_Le_6":58.5242440265,"Shape_Le_7":58.5242440265,"Shape_Le_8":58.516490037799997,"Shape_Length":58.516348750581315},"geometry":{"type":"MultiLineString","coordinates":[[[-75.574583434005888,5.040888579466361],[-75.574586470021615,5.040885231242529],[-75.574932172447049,5.04049159464958]]]}},
{"type":"Feature","properties":{"OBJECTID_12":28143,"OBJECTID_1":28143,"OBJECTID_2":0,"OBJECTID_3":28144,"OBJECTID_4":0,"OBJECTID":8222,"CODDEP":" ","TIPO":" ","NOMBRE":" ","ORDEN":" ","N_ORDEN":0,"SCU_CODIGO":" ","CUE_CODIGO":" ","NOM_CCA":" ","NOM_ANT":" ","NOM_NVO":" ","TIPO_CCA":" ","COD_DREP":" ","N_ORD_CCA":0,"LENGTH":0.0,"Shape_Leng":143.198103073,"Shape_Le_1":143.198103073,"NMG":" ","TTDD":0,"TEDD":5102,"ID":7862,"ORDGRAV":6,"FRAGRAV":10,"Shape_Le_2":143.198103073,"Shape_Le_3":143.198103073,"Shape_Le_4":143.198103073,"OID_":0,"Name":" ","FolderPath":" ","SymbolID":0,"AltMode":0,"Base":0,"Clamped":0,"Extruded":0,"Snippet":" ","PopupInfo":" ","Shape_Le_5":143.198103073,"Shape_Le_6":143.198103073,"Shape_Le_7":143.198103073,"Shape_Le_8":143.17892136500001,"Shape_Length":143.17893927377293},"geometry":{"type":"MultiLineString","coordinates":[[[-75.572593025765343,5.041601247883999],[-75.572551168855611,5.041316140465621],[-75.572510082312206,5.041132789511154],[-75.572391136244406,5.040912780941746],[-75.572281049780329,5.040712335838232],[-75.572249989620332,5.040374469966734]]]}},
{"type":"Feature","properties":{"OBJECTID_12":28144,"OBJECTID_1":28144,"OBJECTID_2":0,"OBJECTID_3":28145,"OBJECTID_4":0,"OBJECTID":8223,"CODDEP":" ","TIPO":" ","NOMBRE":" ","ORDEN":" ","N_ORDEN":0,"SCU_CODIGO":" ","CUE_CODIGO":" ","NOM_CCA":" ","NOM_ANT":" ","NOM_NVO":" ","TIPO_CCA":" ","COD_DREP":" ","N_ORD_CCA":0,"LENGTH":0.0,"Shape_Leng":179.75207324199999,"Shape_Le_1":179.75207324199999,"NMG":" ","TTDD":0,"TEDD":5102,"ID":7863,"ORDGRAV":6,"FRAGRAV":10,"Shape_Le_2":179.75207324199999,"Shape_Le_3":179.75207324199999,"Shape_Le_4":179.75207324199999,"OID_":0,"Name":" ","FolderPath":" ","SymbolID":0,"AltMode":0,"Base":0,"Clamped":0,"Extruded":0,"Snippet":" ","PopupInfo":" ","Shape_Le_5":179.75207324199999,"Shape_Le_6":179.75207324199999,"Shape_Le_7":179.75207324199999,"Shape_Le_8":179.72785225600001,"Shape_Length":179.72777404123849},"geometry":{"type":"MultiLineString","coordinates":[[[-75.570169963784451,5.04145141388236],[-75.570230840132723,5.041353807384096],[-75.570372743638487,5.041118494680717],[-75.570430605200087,5.041012004474752],[-75.570754433134567,5.040808158816615],[-75.570933888299052,5.040660220973574],[-75.571161919304927,5.040537128738181],[-75.571253438214839,5.040318088882075]]]}},
{"type":"Feature","properties":{"OBJECTID_12":28156,"OBJECTID_1":28156,"OBJECTID_2":0,"OBJECTID_3":28157,"OBJECTID_4":0,"OBJECTID":8235,"CODDEP":" ","TIPO":" ","NOMBRE":" ","ORDEN":" ","N_ORDEN":0,"SCU_CODIGO":" ","CUE_CODIGO":" ","NOM_CCA":" ","NOM_ANT":" ","NOM_NVO":" ","TIPO_CCA":" ","COD_DREP":" ","N_ORD_CCA":0,"LENGTH":0.0,"Shape_Leng":270.83706723799997,"Shape_Le_1":270.83706723799997,"NMG":"Quebrada Minitas","TTDD":0,"TEDD":5101,"ID":7875,"ORDGRAV":4,"FRAGRAV":15,"Shape_Le_2":270.83706723799997,"Shape_Le_3":270.83706723799997,"Shape_Le_4":270.83706723799997,"OID_":0,"Name":" ","FolderPath":" ","SymbolID":0,"AltMode":0,"Base":0,"Clamped":0,"Extruded":0,"Snippet":" ","PopupInfo":" ","Shape_Le_5":270.83706723799997,"Shape_Le_6":270.83706723799997,"Shape_Le_7":270.83706723799997,"Shape_Le_8":270.801353957,"Shape_Length":270.80141760462499},"geometry":{"type":"MultiLineString","coordinates":[[[-75.578102259897662,5.041129415190398],[-75.578089910413226,5.041029476255571],[-75.577838063256564,5.040826400256322],[-75.57782257672956,5.040673092942034],[-75.577794715175258,5.040459738144217],[-75.577881398759516,5.040288679189777],[-75.578253006189243,5.03967968746025],[-75.578503443979926,5.039377790898624],[-75.578733085787178,5.039106616407907]]]}},
{"type":"Feature","properties":{"OBJECTID_12":29199,"OBJECTID_1":29199,"OBJECTID_2":0,"OBJECTID_3":29200,"OBJECTID_4":0,"OBJECTID":9319,"CODDEP":" ","TIPO":" ","NOMBRE":" ","ORDEN":" ","N_ORDEN":0,"SCU_CODIGO":" ","CUE_CODIGO":" ","NOM_CCA":" ","NOM_ANT":" ","NOM_NVO":" ","TIPO_CCA":" ","COD_DREP":" ","N_ORD_CCA":0,"LENGTH":0.0,"Shape_Leng":273.36502568899999,"Shape_Le_1":273.36502568899999,"NMG":" ","TTDD":0,"TEDD":5102,"ID":9167,"ORDGRAV":5,"FRAGRAV":10,"Shape_Le_2":273.36502568899999,"Shape_Le_3":273.36502568899999,"Shape_Le_4":273.36502568899999,"OID_":0,"Name":" ","FolderPath":" ","SymbolID":0,"AltMode":0,"Base":0,"Clamped":0,"Extruded":0,"Snippet":" ","PopupInfo":" ","Shape_Le_5":273.36502568899999,"Shape_Le_6":273.36502568899999,"Shape_Le_7":273.36502568899999,"Shape_Le_8":273.329354448,"Shape_Length":273.32950525075603},"geometry":{"type":"MultiLineString","coordinates":[[[-75.581501001566735,5.054497021463743],[-75.581578076966835,5.054485670707865],[-75.581641474395994,5.054491946763589],[-75.581744690067964,5.054458475813978],[-75.58186615355504,5.054411601923329],[-75.58237848044368,5.054204558714166],[-75.58268736114033,5.054223037564724],[-75.583037339658475,5.054265558246439],[-75.583247854373326,5.05432996712416],[-75.583809420120048,5.054424528108237],[-75.58388965597112,5.054426490193808]]]}},
{"type":"Feature","properties":{"OBJECTID_12":29200,"OBJECTID_1":29200,"OBJECTID_2":0,"OBJECTID_3":29201,"OBJECTID_4":0,"OBJECTID":9320,"CODDEP":" ","TIPO":" ","NOMBRE":" ","ORDEN":" ","N_ORDEN":0,"SCU_CODIGO":" ","CUE_CODIGO":" ","NOM_CCA":" ","NOM_ANT":" ","NOM_NVO":" ","TIPO_CCA":" ","COD_DREP":" ","N_ORD_CCA":0,"LENGTH":0.0,"Shape_Leng":235.13274506900001,"Shape_Le_1":235.13274506900001,"NMG":" ","TTDD":0,"TEDD":5102,"ID":9168,"ORDGRAV":6,"FRAGRAV":10,"Shape_Le_2":235.13274506900001,"Shape_Le_3":235.13274506900001,"Shape_Le_4":235.13274506900001,"OID_":0,"Name":" ","FolderPath":" ","SymbolID":0,"AltMode":0,"Base":0,"Clamped":0,"Extruded":0,"Snippet":" ","PopupInfo":" ","Shape_Le_5":235.13274506900001,"Shape_Le_6":235.13274506900001,"Shape_Le_7":235.13274506900001,"Shape_Le_8":235.10168283600001,"Shape_Length":235.10166272293364},"geometry":{"type":"MultiLineString","coordinates":[[[-75.578340157065227,5.053910388626329],[-75.578474774034348,5.053930579943923],[-75.578745306233102,5.053991459021316],[-75.579089613106731,5.053960317467109],[-75.579130400375604,5.053970357193583],[-75.579187042919173,5.053981407911538],[-75.579313732919445,5.053913676532391],[-75.579558771576032,5.053969920934771],[-75.579738413881032,5.054062707611556],[-75.580070059954565,5.054237205068388],[-75.580344578645736,5.054328952887969]]]}},
{"type":"Feature","properties":{"OBJECTID_12":29201,"OBJECTID_1":29201,"OBJECTID_2":0,"OBJECTID_3":29202,"OBJECTID_4":0,"OBJECTID":9321,"CODDEP":" ","TIPO":" ","NOMBRE":" ","ORDEN":" ","N_ORDEN":0,"SCU_CODIGO":" ","CUE_CODIGO":" ","NOM_CCA":" ","NOM_ANT":" ","NOM_NVO":" ","TIPO_CCA":" ","COD_DREP":" ","N_ORD_CCA":0,"LENGTH":0.0,"Shape_Leng":371.53361128699999,"Shape_Le_1":371.53361128699999,"NMG":"Quebrada Minitas","TTDD":0,"TEDD":5101,"ID":9169,"ORDGRAV":4,"FRAGRAV":15,"Shape_Le_2":371.53361128699999,"Shape_Le_3":371.53361128699999,"Shape_Le_4":371.53361128699999,"OID_":0,"Name":" ","FolderPath":" ","SymbolID":0,"AltMode":0,"Base":0,"Clamped":0,"Extruded":0,"Snippet":" ","PopupInfo":" ","Shape_Le_5":371.53361128699999,"Shape_Le_6":371.53361128699999,"Shape_Le_7":371.53361128699999,"Shape_Le_8":371.48356277900001,"Shape_Length":371.48368141751303},"geometry":{"type":"MultiLineString","coordinates":[[[-75.56920313196629,5.056632391567699],[-75.569330374620179,5.056358073797544],[-75.56936161037477,5.056229799775138],[-75.569414998810473,5.056042491009132],[-75.569820553405634,5.055583687561616],[-75.569934550132714,5.055348944266596],[-75.570054732886632,5.055264854511127],[-75.570270970941124,5.05512274606493],[-75.570335154568937,5.054936429796917],[-75.570344958050512,5.054538273173621],[-75.570668812207288,5.054187438548752],[-75.570698936168498,5.054071987668505],[-75.570704896982832,5.053816020217511]]]}},
{"type":"Feature","properties":{"OBJECTID_12":29202,"OBJECTID_1":29202,"OBJECTID_2":0,"OBJECTID_3":29203,"OBJECTID_4":0,"OBJECTID":9322,"CODDEP":" ","TIPO":" ","NOMBRE":" ","ORDEN":" ","N_ORDEN":0,"SCU_CODIGO":" ","CUE_CODIGO":" ","NOM_CCA":" ","NOM_ANT":" ","NOM_NVO":" ","TIPO_CCA":" ","COD_DREP":" ","N_ORD_CCA":0,"LENGTH":0.0,"Shape_Leng":100.945171288,"Shape_Le_1":100.945171288,"NMG":" ","TTDD":0,"TEDD":5102,"ID":9170,"ORDGRAV":5,"FRAGRAV":10,"Shape_Le_2":100.945171288,"Shape_Le_3":100.945171288,"Shape_Le_4":100.945171288,"OID_":0,"Name":" ","FolderPath":" ","SymbolID":0,"AltMode":0,"Base":0,"Clamped":0,"Extruded":0,"Snippet":" ","PopupInfo":" ","Shape_Le_5":100.945171288,"Shape_Le_6":100.945171288,"Shape_Le_7":100.945171288,"Shape_Le_8":100.93153978,"Shape_Length":100.93155699300014},"geometry":{"type":"MultiLineString","coordinates":[[[-75.57161134170893,5.053873140694416],[-75.571382075356851,5.053861730740611],[-75.5710043436723,5.053860570142542],[-75.570863717752147,5.053838772656655],[-75.570704896982832,5.053816020217511]]]}},
{"type":"Feature","properties":{"OBJECTID_12":29203,"OBJECTID_1":29203,"OBJECTID_2":0,"OBJECTID_3":29204,"OBJECTID_4":0,"OBJECTID":9323,"CODDEP":" ","TIPO":" ","NOMBRE":" ","ORDEN":" ","N_ORDEN":0,"SCU_CODIGO":" ","CUE_CODIGO":" ","NOM_CCA":" ","NOM_ANT":" ","NOM_NVO":" ","TIPO_CCA":" ","COD_DREP":" ","N_ORD_CCA":0,"LENGTH":0.0,"Shape_Leng":90.926063477100001,"Shape_Le_1":90.926063477100001,"NMG":" ","TTDD":0,"TEDD":5102,"ID":9171,"ORDGRAV":5,"FRAGRAV":10,"Shape_Le_2":90.926063477100001,"Shape_Le_3":90.926063477100001,"Shape_Le_4":90.926063477100001,"OID_":0,"Name":" ","FolderPath":" ","SymbolID":0,"AltMode":0,"Base":0,"Clamped":0,"Extruded":0,"Snippet":" ","PopupInfo":" ","Shape_Le_5":90.926063477100001,"Shape_Le_6":90.926063477100001,"Shape_Le_7":90.926063477100001,"Shape_Le_8":90.913856382899993,"Shape_Length":90.913947629594873},"geometry":{"type":"MultiLineString","coordinates":[[[-75.573094837715658,5.053777201138417],[-75.573301196648771,5.05376128041872],[-75.573541483879566,5.053728581918865],[-75.573909996071876,5.053692847168858]]]}},
{"type":"Feature","properties":{"OBJECTID_12":29204,"OBJECTID_1":29204,"OBJECTID_2":0,"OBJECTID_3":29205,"OBJECTID_4":0,"OBJECTID":9324,"CODDEP":" ","TIPO":" ","NOMBRE":" ","ORDEN":" ","N_ORDEN":0,"SCU_CODIGO":" ","CUE_CODIGO":" ","NOM_CCA":" ","NOM_ANT":" ","NOM_NVO":" ","TIPO_CCA":" ","COD_DREP":" ","N_ORD_CCA":0,"LENGTH":0.0,"Shape_Leng":523.83747685799995,"Shape_Le_1":523.83747685799995,"NMG":"Quebrada Voletas","TTDD":0,"TEDD":5102,"ID":9172,"ORDGRAV":4,"FRAGRAV":15,"Shape_Le_2":523.83747685799995,"Shape_Le_3":523.83747685799995,"Shape_Le_4":523.83747685799995,"OID_":0,"Name":" ","FolderPath":" ","SymbolID":0,"AltMode":0,"Base":0,"Clamped":0,"Extruded":0,"Snippet":" ","PopupInfo":" ","Shape_Le_5":523.83747685799995,"Shape_Le_6":523.83747685799995,"Shape_Le_7":523.83747685799995,"Shape_Le_8":523.76736010100001,"Shape_Length":523.76707150950165},"geometry":{"type":"MultiLineString","coordinates":[[[-75.572400803435031,5.057948893385896],[-75.572610253451018,5.057513633198933],[-75.572905079813481,5.05683164353527],[-75.573177761241269,5.056345988155415],[-75.573473672184022,5.056137312180776],[-75.573625559357595,5.055894274055643],[-75.573815319601479,5.055552791594708],[-75.573752889822302,5.055428899634967],[-75.573704537758118,5.055048841275592],[-75.573674774008609,5.054802198500155],[-75.573719424266557,5.054638590958518],[-75.573831185925783,5.054309788574521],[-75.573874149913962,5.05382649701622],[-75.573909996071876,5.053692847168858]]]}},
{"type":"Feature","properties":{"OBJECTID_12":29208,"OBJECTID_1":29208,"OBJECTID_2":0,"OBJECTID_3":29209,"OBJECTID_4":0,"OBJECTID":9328,"CODDEP":" ","TIPO":" ","NOMBRE":" ","ORDEN":" ","N_ORDEN":0,"SCU_CODIGO":" ","CUE_CODIGO":" ","NOM_CCA":" ","NOM_ANT":" ","NOM_NVO":" ","TIPO_CCA":" ","COD_DREP":" ","N_ORD_CCA":0,"LENGTH":0.0,"Shape_Leng":89.992854003199994,"Shape_Le_1":89.992854003199994,"NMG":"Quebrada Minitas","TTDD":0,"TEDD":5101,"ID":9176,"ORDGRAV":4,"FRAGRAV":15,"Shape_Le_2":89.992854003199994,"Shape_Le_3":89.992854003199994,"Shape_Le_4":89.992854003199994,"OID_":0,"Name":" ","FolderPath":" ","SymbolID":0,"AltMode":0,"Base":0,"Clamped":0,"Extruded":0,"Snippet":" ","PopupInfo":" ","Shape_Le_5":89.992854003199994,"Shape_Le_6":89.992854003199994,"Shape_Le_7":89.992854003199994,"Shape_Le_8":89.980692098399999,"Shape_Length":89.98066927917526},"geometry":{"type":"MultiLineString","coordinates":[[[-75.570704896982832,5.053816020217511],[-75.570706293186348,5.053756025391627],[-75.570552788695082,5.053358645783595],[-75.570466690311761,5.053042871408181]]]}},
{"type":"Feature","properties":{"OBJECTID_12":29209,"OBJECTID_1":29209,"OBJECTID_2":0,"OBJECTID_3":29210,"OBJECTID_4":0,"OBJECTID":9329,"CODDEP":" ","TIPO":" ","NOMBRE":" ","ORDEN":" ","N_ORDEN":0,"SCU_CODIGO":" ","CUE_CODIGO":" ","NOM_CCA":" ","NOM_ANT":" ","NOM_NVO":" ","TIPO_CCA":" ","COD_DREP":" ","N_ORD_CCA":0,"LENGTH":0.0,"Shape_Leng":296.53855265,"Shape_Le_1":296.53855265,"NMG":" ","TTDD":0,"TEDD":5102,"ID":9177,"ORDGRAV":6,"FRAGRAV":10,"Shape_Le_2":296.53855265,"Shape_Le_3":296.53855265,"Shape_Le_4":296.53855265,"OID_":0,"Name":" ","FolderPath":" ","SymbolID":0,"AltMode":0,"Base":0,"Clamped":0,"Extruded":0,"Snippet":" ","PopupInfo":" ","Shape_Le_5":296.53855265,"Shape_Le_6":296.53855265,"Shape_Le_7":296.53855265,"Shape_Le_8":296.49997957599999,"Shape_Length":296.50006785507861},"geometry":{"type":"MultiLineString","coordinates":[[[-75.585993247393148,5.054687065241074],[-75.586056382792947,5.054429687270851],[-75.585967809179294,5.053849029143655],[-75.585730748063185,5.053689678052401],[-75.585540027780382,5.053485740231057],[-75.585259724996675,5.053254827415328],[-75.585029364300937,5.053126000838869],[-75.584722365025272,5.053049673098956],[-75.584552944776703,5.052987403497276],[-75.58441892400009,5.052966193941151]]]}},
{"type":"Feature","properties":{"OBJECTID_12":29212,"OBJECTID_1":29212,"OBJECTID_2":0,"OBJECTID_3":29213,"OBJECTID_4":0,"OBJECTID":9332,"CODDEP":" ","TIPO":" ","NOMBRE":" ","ORDEN":" ","N_ORDEN":0,"SCU_CODIGO":" ","CUE_CODIGO":" ","NOM_CCA":" ","NOM_ANT":" ","NOM_NVO":" ","TIPO_CCA":" ","COD_DREP":" ","N_ORD_CCA":0,"LENGTH":0.0,"Shape_Leng":243.44901353099999,"Shape_Le_1":243.44901353099999,"NMG":" ","TTDD":0,"TEDD":5102,"ID":9180,"ORDGRAV":6,"FRAGRAV":10,"Shape_Le_2":243.44901353099999,"Shape_Le_3":243.44901353099999,"Shape_Le_4":243.44901353099999,"OID_":0,"Name":" ","FolderPath":" ","SymbolID":0,"AltMode":0,"Base":0,"Clamped":0,"Extruded":0,"Snippet":" ","PopupInfo":" ","Shape_Le_5":243.44901353099999,"Shape_Le_6":243.44901353099999,"Shape_Le_7":243.44901353099999,"Shape_Le_8":243.41701835000001,"Shape_Length":243.41701725416942},"geometry":{"type":"MultiLineString","coordinates":[[[-75.580408933368574,5.052658497024477],[-75.580523052077396,5.053014718269271],[-75.58072486399756,5.053115303067001],[-75.580861674121635,5.053369559206533],[-75.580959267329959,5.053503684589063],[-75.581075465046766,5.053819647013912],[-75.581099834955481,5.053970875886345],[-75.581189237320331,5.054130756698134],[-75.581362670160672,5.054262210198588],[-75.58144828383422,5.054501695057266]]]}},
{"type":"Feature","properties":{"OBJECTID_12":29213,"OBJECTID_1":29213,"OBJECTID_2":0,"OBJECTID_3":29214,"OBJECTID_4":0,"OBJECTID":9333,"CODDEP":" ","TIPO":" ","NOMBRE":" ","ORDEN":" ","N_ORDEN":0,"SCU_CODIGO":" ","CUE_CODIGO":" ","NOM_CCA":" ","NOM_ANT":" ","NOM_NVO":" ","TIPO_CCA":" ","COD_DREP":" ","N_ORD_CCA":0,"LENGTH":0.0,"Shape_Leng":130.41268881,"Shape_Le_1":130.41268881,"NMG":"Quebrada Minitas","TTDD":0,"TEDD":5101,"ID":9184,"ORDGRAV":4,"FRAGRAV":15,"Shape_Le_2":130.41268881,"Shape_Le_3":130.41268881,"Shape_Le_4":130.41268881,"OID_":0,"Name":" ","FolderPath":" ","SymbolID":0,"AltMode":0,"Base":0,"Clamped":0,"Extruded":0,"Snippet":" ","PopupInfo":" ","Shape_Le_5":130.41268881,"Shape_Le_6":130.41268881,"Shape_Le_7":130.41268881,"Shape_Le_8":130.395141053,"Shape_Length":130.39502444378545},"geometry":{"type":"MultiLineString","coordinates":[[[-75.570466690311761,5.053042871408181],[-75.570481348254205,5.052952408469221],[-75.570589077054677,5.052256778685861],[-75.570685943709279,5.051885989165317]]]}},
{"type":"Feature","properties":{"OBJECTID_12":29214,"OBJECTID_1":29214,"OBJECTID_2":0,"OBJECTID_3":29215,"OBJECTID_4":0,"OBJECTID":9334,"CODDEP":" ","TIPO":" ","NOMBRE":" ","ORDEN":" ","N_ORDEN":0,"SCU_CODIGO":" ","CUE_CODIGO":" ","NOM_CCA":" ","NOM_ANT":" ","NOM_NVO":" ","TIPO_CCA":" ","COD_DREP":" ","N_ORD_CCA":0,"LENGTH":0.0,"Shape_Leng":621.74807082200005,"Shape_Le_1":621.74807082200005,"NMG":" ","TTDD":0,"TEDD":5102,"ID":9185,"ORDGRAV":6,"FRAGRAV":10,"Shape_Le_2":621.74807082200005,"Shape_Le_3":621.74807082200005,"Shape_Le_4":621.74807082200005,"OID_":0,"Name":" ","FolderPath":" ","SymbolID":0,"AltMode":0,"Base":0,"Clamped":0,"Extruded":0,"Snippet":" ","PopupInfo":" ","Shape_Le_5":621.74807082200005,"Shape_Le_6":621.74807082200005,"Shape_Le_7":621.74807082200005,"Shape_Le_8":621.66763236199995,"Shape_Length":621.6677073999989},"geometry":{"type":"MultiLineString","coordinates":[[[-75.58478617275675,5.051903092522695],[-75.584795152297019,5.051913891586693],[-75.584975809134946,5.052063764531404],[-75.585269241886976,5.052131808764303],[-75.585597041358909,5.052191711699698],[-75.586001024198538,5.052373759572005],[-75.586291006218204,5.052523543042668],[-75.586597768586699,5.052808873028013],[-75.587128837330283,5.053399229061468],[-75.587440221367359,5.053616689162722],[-75.587707396930355,5.053765993899757],[-75.58797892501461,5.053813897107063],[-75.588387368805598,5.05392681571482],[-75.588687906198587,5.053845814385474],[-75.588867287609617,5.053679305400413],[-75.589621366177198,5.053407272476822]]]}},
{"type":"Feature","properties":{"OBJECTID_12":29215,"OBJECTID_1":29215,"OBJECTID_2":0,"OBJECTID_3":29216,"OBJECTID_4":0,"OBJECTID":9335,"CODDEP":" ","TIPO":" ","NOMBRE":" ","ORDEN":" ","N_ORDEN":0,"SCU_CODIGO":" ","CUE_CODIGO":" ","NOM_CCA":" ","NOM_ANT":" ","NOM_NVO":" ","TIPO_CCA":" ","COD_DREP":" ","N_ORD_CCA":0,"LENGTH":0.0,"Shape_Leng":171.658163476,"Shape_Le_1":171.658163476,"NMG":" ","TTDD":0,"TEDD":5102,"ID":9186,"ORDGRAV":7,"FRAGRAV":10,"Shape_Le_2":171.658163476,"Shape_Le_3":171.658163476,"Shape_Le_4":171.658163476,"OID_":0,"Name":" ","FolderPath":" ","SymbolID":0,"AltMode":0,"Base":0,"Clamped":0,"Extruded":0,"Snippet":" ","PopupInfo":" ","Shape_Le_5":171.658163476,"Shape_Le_6":171.658163476,"Shape_Le_7":171.658163476,"Shape_Le_8":171.63582280899999,"Shape_Length":171.63572101880087},"geometry":{"type":"MultiLineString","coordinates":[[[-75.58336915222435,5.051876698920879],[-75.583491145755602,5.051882756827109],[-75.583686498663013,5.051847192764793],[-75.583879606793033,5.051898380731174],[-75.58401764875677,5.05193898214208],[-75.584175954759743,5.051996064256518],[-75.584345038033675,5.052063014224373],[-75.584512170739117,5.052127132093834],[-75.584631459978624,5.052043499204988],[-75.58478617275675,5.051903092522695]]]}},
{"type":"Feature","properties":{"OBJECTID_12":29217,"OBJECTID_1":29217,"OBJECTID_2":0,"OBJECTID_3":29218,"OBJECTID_4":0,"OBJECTID":9337,"CODDEP":" ","TIPO":" ","NOMBRE":" ","ORDEN":" ","N_ORDEN":0,"SCU_CODIGO":" ","CUE_CODIGO":" ","NOM_CCA":" ","NOM_ANT":" ","NOM_NVO":" ","TIPO_CCA":" ","COD_DREP":" ","N_ORD_CCA":0,"LENGTH":0.0,"Shape_Leng":298.876706152,"Shape_Le_1":298.876706152,"NMG":" ","TTDD":0,"TEDD":5102,"ID":9188,"ORDGRAV":5,"FRAGRAV":10,"Shape_Le_2":298.876706152,"Shape_Le_3":298.876706152,"Shape_Le_4":298.876706152,"OID_":0,"Name":" ","FolderPath":" ","SymbolID":0,"AltMode":0,"Base":0,"Clamped":0,"Extruded":0,"Snippet":" ","PopupInfo":" ","Shape_Le_5":298.876706152,"Shape_Le_6":298.876706152,"Shape_Le_7":298.876706152,"Shape_Le_8":298.83631219900002,"Shape_Length":298.83623677978721},"geometry":{"type":"MultiLineString","coordinates":[[[-75.568086719210783,5.052072785174585],[-75.568165417870134,5.052056976814241],[-75.568301825917544,5.051962068773299],[-75.56844406588192,5.051964281911374],[-75.568722117961599,5.051926556276194],[-75.568975053219376,5.051815512663383],[-75.569115653841251,5.051800996874634],[-75.569254648613992,5.051792189714948],[-75.569574036733115,5.051791037144367],[-75.569957916225775,5.051923389887795],[-75.570182806998844,5.051971508173243],[-75.570369318750934,5.05194235594581],[-75.570485763612027,5.051942609492811],[-75.570685943709279,5.051885989165317]]]}},
{"type":"Feature","properties":{"OBJECTID_12":29219,"OBJECTID_1":29219,"OBJECTID_2":0,"OBJECTID_3":29220,"OBJECTID_4":0,"OBJECTID":9339,"CODDEP":" ","TIPO":" ","NOMBRE":" ","ORDEN":" ","N_ORDEN":0,"SCU_CODIGO":" ","CUE_CODIGO":" ","NOM_CCA":" ","NOM_ANT":" ","NOM_NVO":" ","TIPO_CCA":" ","COD_DREP":" ","N_ORD_CCA":0,"LENGTH":0.0,"Shape_Leng":485.95208867999997,"Shape_Le_1":485.95208867999997,"NMG":" ","TTDD":0,"TEDD":5102,"ID":9190,"ORDGRAV":5,"FRAGRAV":10,"Shape_Le_2":485.95208867999997,"Shape_Le_3":485.95208867999997,"Shape_Le_4":485.95208867999997,"OID_":0,"Name":" ","FolderPath":" ","SymbolID":0,"AltMode":0,"Base":0,"Clamped":0,"Extruded":0,"Snippet":" ","PopupInfo":" ","Shape_Le_5":485.95208867999997,"Shape_Le_6":485.95208867999997,"Shape_Le_7":485.95208867999997,"Shape_Le_8":485.88719807000001,"Shape_Length":485.88732161713074},"geometry":{"type":"MultiLineString","coordinates":[[[-75.57454222101147,5.055970199993926],[-75.574573502757119,5.05583628346652],[-75.574653951902377,5.055560066899418],[-75.574739703098473,5.055251588458537],[-75.574771680708139,5.055031832281574],[-75.57477702205351,5.054991484708126],[-75.574812648999796,5.054886167170485],[-75.574826313946915,5.054827758425305],[-75.575014351622372,5.054436394635031],[-75.575083995097799,5.053939361547352],[-75.575049109201089,5.053716494194103],[-75.575090205288859,5.053288233214095],[-75.575101460707316,5.053044163637126],[-75.575177299805233,5.052873828670239],[-75.575195425253497,5.052750421522552],[-75.575212368580537,5.052681993918997],[-75.575117752703875,5.052317129875636],[-75.575256415201522,5.051905468911561],[-75.575299568425066,5.051727004714575]]]}},
{"type":"Feature","properties":{"OBJECTID_12":29220,"OBJECTID_1":29220,"OBJECTID_2":0,"OBJECTID_3":29221,"OBJECTID_4":0,"OBJECTID":9340,"CODDEP":" ","TIPO":" ","NOMBRE":" ","ORDEN":" ","N_ORDEN":0,"SCU_CODIGO":" ","CUE_CODIGO":" ","NOM_CCA":" ","NOM_ANT":" ","NOM_NVO":" ","TIPO_CCA":" ","COD_DREP":" ","N_ORD_CCA":0,"LENGTH":0.0,"Shape_Leng":264.63272975400002,"Shape_Le_1":264.63272975400002,"NMG":" ","TTDD":0,"TEDD":5102,"ID":9191,"ORDGRAV":6,"FRAGRAV":10,"Shape_Le_2":264.63272975400002,"Shape_Le_3":264.63272975400002,"Shape_Le_4":264.63272975400002,"OID_":0,"Name":" ","FolderPath":" ","SymbolID":0,"AltMode":0,"Base":0,"Clamped":0,"Extruded":0,"Snippet":" ","PopupInfo":" ","Shape_Le_5":264.63272975400002,"Shape_Le_6":264.63272975400002,"Shape_Le_7":264.63272975400002,"Shape_Le_8":264.59733812100001,"Shape_Length":264.59755889707282},"geometry":{"type":"MultiLineString","coordinates":[[[-75.57685667835031,5.05335658971478],[-75.576799675383484,5.053267594523438],[-75.576719794037842,5.053064571817323],[-75.576509122972183,5.052756880384429],[-75.576352109250166,5.052527055956604],[-75.57623478993051,5.052300154035162],[-75.576173584257191,5.052192319141006],[-75.576163917290117,5.052201480086355],[-75.576066233698796,5.052068197275074],[-75.575889303314938,5.05196492858297],[-75.575767398996589,5.051931640477051],[-75.575632540923266,5.051930008107942],[-75.575483575567176,5.05183760053245],[-75.575299568425066,5.051727004714575]]]}},
{"type":"Feature","properties":{"OBJECTID_12":29221,"OBJECTID_1":29221,"OBJECTID_2":0,"OBJECTID_3":29222,"OBJECTID_4":0,"OBJECTID":9341,"CODDEP":" ","TIPO":" ","NOMBRE":" ","ORDEN":" ","N_ORDEN":0,"SCU_CODIGO":" ","CUE_CODIGO":" ","NOM_CCA":" ","NOM_ANT":" ","NOM_NVO":" ","TIPO_CCA":" ","COD_DREP":" ","N_ORD_CCA":0,"LENGTH":0.0,"Shape_Leng":360.30666606699998,"Shape_Le_1":360.30666606699998,"NMG":" ","TTDD":0,"TEDD":5101,"ID":9192,"ORDGRAV":7,"FRAGRAV":10,"Shape_Le_2":360.30666606699998,"Shape_Le_3":360.30666606699998,"Shape_Le_4":360.30666606699998,"OID_":0,"Name":" ","FolderPath":" ","SymbolID":0,"AltMode":0,"Base":0,"Clamped":0,"Extruded":0,"Snippet":" ","PopupInfo":" ","Shape_Le_5":360.30666606699998,"Shape_Le_6":360.30666606699998,"Shape_Le_7":360.30666606699998,"Shape_Le_8":360.26020089600001,"Shape_Length":360.26020863791354},"geometry":{"type":"MultiLineString","coordinates":[[[-75.587216318630666,5.05168013123019],[-75.587223727156498,5.051740355093893],[-75.587521421874953,5.052643399613273],[-75.587900056038521,5.052817196709852],[-75.588278867077008,5.052914480829249],[-75.588718806918607,5.053114589743304],[-75.589621366177198,5.053407272476822]]]}},
{"type":"Feature","properties":{"OBJECTID_12":29223,"OBJECTID_1":29223,"OBJECTID_2":0,"OBJECTID_3":29224,"OBJECTID_4":0,"OBJECTID":9343,"CODDEP":" ","TIPO":" ","NOMBRE":" ","ORDEN":" ","N_ORDEN":0,"SCU_CODIGO":" ","CUE_CODIGO":" ","NOM_CCA":" ","NOM_ANT":" ","NOM_NVO":" ","TIPO_CCA":" ","COD_DREP":" ","N_ORD_CCA":0,"LENGTH":0.0,"Shape_Leng":312.371748895,"Shape_Le_1":312.371748895,"NMG":"Quebrada Voletas","TTDD":0,"TEDD":5102,"ID":9194,"ORDGRAV":4,"FRAGRAV":15,"Shape_Le_2":312.371748895,"Shape_Le_3":312.371748895,"Shape_Le_4":312.371748895,"OID_":0,"Name":" ","FolderPath":" ","SymbolID":0,"AltMode":0,"Base":0,"Clamped":0,"Extruded":0,"Snippet":" ","PopupInfo":" ","Shape_Le_5":312.371748895,"Shape_Le_6":312.371748895,"Shape_Le_7":312.371748895,"Shape_Le_8":312.330122002,"Shape_Length":312.33011170269737},"geometry":{"type":"MultiLineString","coordinates":[[[-75.573909996071876,5.053692847168858],[-75.573978758783994,5.053436444703498],[-75.5741610371728,5.052841536385306],[-75.574206138027947,5.05264271807951],[-75.574407130628359,5.052492019975685],[-75.574516766408706,5.052419486665147],[-75.574638994601571,5.052347305675822],[-75.574761257210596,5.052220608062068],[-75.574873275429553,5.05194409185642],[-75.575375429870292,5.051413269528309]]]}},
{"type":"Feature","properties":{"OBJECTID_12":29224,"OBJECTID_1":29224,"OBJECTID_2":0,"OBJECTID_3":29225,"OBJECTID_4":0,"OBJECTID":9344,"CODDEP":" ","TIPO":" ","NOMBRE":" ","ORDEN":" ","N_ORDEN":0,"SCU_CODIGO":" ","CUE_CODIGO":" ","NOM_CCA":" ","NOM_ANT":" ","NOM_NVO":" ","TIPO_CCA":" ","COD_DREP":" ","N_ORD_CCA":0,"LENGTH":0.0,"Shape_Leng":35.711283879900002,"Shape_Le_1":35.711283879900002,"NMG":" ","TTDD":0,"TEDD":5102,"ID":9195,"ORDGRAV":5,"FRAGRAV":10,"Shape_Le_2":35.711283879900002,"Shape_Le_3":35.711283879900002,"Shape_Le_4":35.711283879900002,"OID_":0,"Name":" ","FolderPath":" ","SymbolID":0,"AltMode":0,"Base":0,"Clamped":0,"Extruded":0,"Snippet":" ","PopupInfo":" ","Shape_Le_5":35.711283879900002,"Shape_Le_6":35.711283879900002,"Shape_Le_7":35.711283879900002,"Shape_Le_8":35.706512918000001,"Shape_Length":35.706512917824526},"geometry":{"type":"MultiLineString","coordinates":[[[-75.575299568425066,5.051727004714575],[-75.575375429870292,5.051413269528309]]]}},
{"type":"Feature","properties":{"OBJECTID_12":29225,"OBJECTID_1":29225,"OBJECTID_2":0,"OBJECTID_3":29226,"OBJECTID_4":0,"OBJECTID":9345,"CODDEP":" ","TIPO":" ","NOMBRE":" ","ORDEN":" ","N_ORDEN":0,"SCU_CODIGO":" ","CUE_CODIGO":" ","NOM_CCA":" ","NOM_ANT":" ","NOM_NVO":" ","TIPO_CCA":" ","COD_DREP":" ","N_ORD_CCA":0,"LENGTH":0.0,"Shape_Leng":95.811853489499995,"Shape_Le_1":95.811853489499995,"NMG":" ","TTDD":0,"TEDD":5101,"ID":9196,"ORDGRAV":8,"FRAGRAV":10,"Shape_Le_2":95.811853489499995,"Shape_Le_3":95.811853489499995,"Shape_Le_4":95.811853489499995,"OID_":0,"Name":" ","FolderPath":" ","SymbolID":0,"AltMode":0,"Base":0,"Clamped":0,"Extruded":0,"Snippet":" ","PopupInfo":" ","Shape_Le_5":95.811853489499995,"Shape_Le_6":95.811853489499995,"Shape_Le_7":95.811853489499995,"Shape_Le_8":95.7994003445,"Shape_Length":95.799417630030774},"geometry":{"type":"MultiLineString","coordinates":[[[-75.58696815189478,5.050867899774775],[-75.587011643843084,5.050925040463851],[-75.587158927312345,5.051213464870428],[-75.587216318630666,5.05168013123019]]]}},
{"type":"Feature","properties":{"OBJECTID_12":29229,"OBJECTID_1":29229,"OBJECTID_2":0,"OBJECTID_3":29230,"OBJECTID_4":0,"OBJECTID":9349,"CODDEP":" ","TIPO":" ","NOMBRE":" ","ORDEN":" ","N_ORDEN":0,"SCU_CODIGO":" ","CUE_CODIGO":" ","NOM_CCA":" ","NOM_ANT":" ","NOM_NVO":" ","TIPO_CCA":" ","COD_DREP":" ","N_ORD_CCA":0,"LENGTH":0.0,"Shape_Leng":342.436357886,"Shape_Le_1":342.436357886,"NMG":" ","TTDD":0,"TEDD":5102,"ID":9200,"ORDGRAV":7,"FRAGRAV":10,"Shape_Le_2":342.436357886,"Shape_Le_3":342.436357886,"Shape_Le_4":342.436357886,"OID_":0,"Name":" ","FolderPath":" ","SymbolID":0,"AltMode":0,"Base":0,"Clamped":0,"Extruded":0,"Snippet":" ","PopupInfo":" ","Shape_Le_5":342.436357886,"Shape_Le_6":342.436357886,"Shape_Le_7":342.436357886,"Shape_Le_8":342.391918148,"Shape_Length":342.39180334082215},"geometry":{"type":"MultiLineString","coordinates":[[[-75.584362590109336,5.050711836603139],[-75.584505433220031,5.050722510006273],[-75.584604395131734,5.050770936704458],[-75.584797004790531,5.050909385828967],[-75.585049402739415,5.051119035713989],[-75.585254518364295,5.051213497707482],[-75.585427948915878,5.051322746979056],[-75.585522308916069,5.051337690007755],[-75.585762302614839,5.051432222458892],[-75.585919969875278,5.051505169282907],[-75.586504331980024,5.051628140107562],[-75.586933729588068,5.051671534989416],[-75.587216318630666,5.05168013123019]]]}},
{"type":"Feature","properties":{"OBJECTID_12":29231,"OBJECTID_1":29231,"OBJECTID_2":0,"OBJECTID_3":29232,"OBJECTID_4":0,"OBJECTID":9351,"CODDEP":" ","TIPO":" ","NOMBRE":" ","ORDEN":" ","N_ORDEN":0,"SCU_CODIGO":" ","CUE_CODIGO":" ","NOM_CCA":" ","NOM_ANT":" ","NOM_NVO":" ","TIPO_CCA":" ","COD_DREP":" ","N_ORD_CCA":0,"LENGTH":0.0,"Shape_Leng":291.03975216800001,"Shape_Le_1":291.03975216800001,"NMG":" ","TTDD":0,"TEDD":5102,"ID":9202,"ORDGRAV":6,"FRAGRAV":10,"Shape_Le_2":291.03975216800001,"Shape_Le_3":291.03975216800001,"Shape_Le_4":291.03975216800001,"OID_":0,"Name":" ","FolderPath":" ","SymbolID":0,"AltMode":0,"Base":0,"Clamped":0,"Extruded":0,"Snippet":" ","PopupInfo":" ","Shape_Le_5":291.03975216800001,"Shape_Le_6":291.03975216800001,"Shape_Le_7":291.03975216800001,"Shape_Le_8":291.00186292500001,"Shape_Length":220.07390299766394},"geometry":{"type":"MultiLineString","coordinates":[[[-75.583126698763536,5.050963287916833],[-75.583322378118467,5.051050006588669],[-75.583648624037153,5.051102676043151],[-75.583873913957163,5.051197347520628],[-75.584048626860323,5.051242515114039],[-75.584184816149403,5.051332560721726],[-75.584329927040741,5.051427427609561],[-75.584483961080494,5.051645562398349],[-75.584619214239979,5.05169115645382],[-75.584673857887694,5.051768024014843],[-75.58478617275675,5.051903092522695]]]}},
{"type":"Feature","properties":{"OBJECTID_12":29232,"OBJECTID_1":29232,"OBJECTID_2":0,"OBJECTID_3":29233,"OBJECTID_4":0,"OBJECTID":9352,"CODDEP":" ","TIPO":" ","NOMBRE":" ","ORDEN":" ","N_ORDEN":0,"SCU_CODIGO":" ","CUE_CODIGO":" ","NOM_CCA":" ","NOM_ANT":" ","NOM_NVO":" ","TIPO_CCA":" ","COD_DREP":" ","N_ORD_CCA":0,"LENGTH":0.0,"Shape_Leng":179.88818432100001,"Shape_Le_1":179.88818432100001,"NMG":"Quebrada Minitas","TTDD":0,"TEDD":5101,"ID":9203,"ORDGRAV":4,"FRAGRAV":15,"Shape_Le_2":179.88818432100001,"Shape_Le_3":179.88818432100001,"Shape_Le_4":179.88818432100001,"OID_":0,"Name":" ","FolderPath":" ","SymbolID":0,"AltMode":0,"Base":0,"Clamped":0,"Extruded":0,"Snippet":" ","PopupInfo":" ","Shape_Le_5":179.88818432100001,"Shape_Le_6":179.88818432100001,"Shape_Le_7":179.88818432100001,"Shape_Le_8":179.86399652899999,"Shape_Length":179.86401392659207},"geometry":{"type":"MultiLineString","coordinates":[[[-75.570685943709279,5.051885989165317],[-75.570953744314863,5.051346696497742],[-75.571283913625081,5.050738509550007],[-75.57152823142421,5.05051556409331]]]}},
{"type":"Feature","properties":{"OBJECTID_12":29233,"OBJECTID_1":29233,"OBJECTID_2":0,"OBJECTID_3":29234,"OBJECTID_4":0,"OBJECTID":9353,"CODDEP":" ","TIPO":" ","NOMBRE":" ","ORDEN":" ","N_ORDEN":0,"SCU_CODIGO":" ","CUE_CODIGO":" ","NOM_CCA":" ","NOM_ANT":" ","NOM_NVO":" ","TIPO_CCA":" ","COD_DREP":" ","N_ORD_CCA":0,"LENGTH":0.0,"Shape_Leng":1.9464064757699999,"Shape_Le_1":1.9464064757699999,"NMG":" ","TTDD":0,"TEDD":5101,"ID":9204,"ORDGRAV":4,"FRAGRAV":15,"Shape_Le_2":1.9464064757699999,"Shape_Le_3":1.9464064757699999,"Shape_Le_4":1.9464064757699999,"OID_":0,"Name":" ","FolderPath":" ","SymbolID":0,"AltMode":0,"Base":0,"Clamped":0,"Extruded":0,"Snippet":" ","PopupInfo":" ","Shape_Le_5":1.9464064757699999,"Shape_Le_6":1.9464064757699999,"Shape_Le_7":1.9464064757699999,"Shape_Le_8":1.9461821910499999,"Shape_Length":1.9460822202008343},"geometry":{"type":"MultiLineString","coordinates":[[[-75.57152823142421,5.05051556409331],[-75.571545773755858,5.050515924902163]]]}},
{"type":"Feature","properties":{"OBJECTID_12":29234,"OBJECTID_1":29234,"OBJECTID_2":0,"OBJECTID_3":29235,"OBJECTID_4":0,"OBJECTID":9354,"CODDEP":" ","TIPO":" ","NOMBRE":" ","ORDEN":" ","N_ORDEN":0,"SCU_CODIGO":" ","CUE_CODIGO":" ","NOM_CCA":" ","NOM_ANT":" ","NOM_NVO":" ","TIPO_CCA":" ","COD_DREP":" ","N_ORD_CCA":0,"LENGTH":0.0,"Shape_Leng":173.25776209599999,"Shape_Le_1":173.25776209599999,"NMG":" ","TTDD":0,"TEDD":5102,"ID":9205,"ORDGRAV":9,"FRAGRAV":6,"Shape_Le_2":173.25776209599999,"Shape_Le_3":173.25776209599999,"Shape_Le_4":173.25776209599999,"OID_":0,"Name":" ","FolderPath":" ","SymbolID":0,"AltMode":0,"Base":0,"Clamped":0,"Extruded":0,"Snippet":" ","PopupInfo":" ","Shape_Le_5":173.25776209599999,"Shape_Le_6":173.25776209599999,"Shape_Le_7":173.25776209599999,"Shape_Le_8":173.235385339,"Shape_Length":173.23548584789432},"geometry":{"type":"MultiLineString","coordinates":[[[-75.585646403189642,5.05042785145413],[-75.585897724779997,5.050509104500601],[-75.586060431570075,5.050670687387664],[-75.58625044707432,5.050757909494233],[-75.586479238587131,5.051020570269523],[-75.58696815189478,5.050867899774775]]]}},
{"type":"Feature","properties":{"OBJECTID_12":29235,"OBJECTID_1":29235,"OBJECTID_2":0,"OBJECTID_3":29236,"OBJECTID_4":0,"OBJECTID":9355,"CODDEP":" ","TIPO":" ","NOMBRE":" ","ORDEN":" ","N_ORDEN":0,"SCU_CODIGO":" ","CUE_CODIGO":" ","NOM_CCA":" ","NOM_ANT":" ","NOM_NVO":" ","TIPO_CCA":" ","COD_DREP":" ","N_ORD_CCA":0,"LENGTH":0.0,"Shape_Leng":89.816708426700004,"Shape_Le_1":89.816708426700004,"NMG":" ","TTDD":0,"TEDD":5101,"ID":9206,"ORDGRAV":8,"FRAGRAV":10,"Shape_Le_2":89.816708426700004,"Shape_Le_3":89.816708426700004,"Shape_Le_4":89.816708426700004,"OID_":0,"Name":" ","FolderPath":" ","SymbolID":0,"AltMode":0,"Base":0,"Clamped":0,"Extruded":0,"Snippet":" ","PopupInfo":" ","Shape_Le_5":89.816708426700004,"Shape_Le_6":89.816708426700004,"Shape_Le_7":89.816708426700004,"Shape_Le_8":89.805127026099996,"Shape_Length":89.805168291346178},"geometry":{"type":"MultiLineString","coordinates":[[[-75.58655668815193,5.050177599916336],[-75.586615362764448,5.050289470051577],[-75.586689320262053,5.050501534980813],[-75.58696815189478,5.050867899774775]]]}},
{"type":"Feature","properties":{"OBJECTID_12":29237,"OBJECTID_1":29237,"OBJECTID_2":0,"OBJECTID_3":29238,"OBJECTID_4":0,"OBJECTID":9357,"CODDEP":" ","TIPO":" ","NOMBRE":" ","ORDEN":" ","N_ORDEN":0,"SCU_CODIGO":" ","CUE_CODIGO":" ","NOM_CCA":" ","NOM_ANT":" ","NOM_NVO":" ","TIPO_CCA":" ","COD_DREP":" ","N_ORD_CCA":0,"LENGTH":0.0,"Shape_Leng":224.915980959,"Shape_Le_1":224.915980959,"NMG":" ","TTDD":0,"TEDD":5101,"ID":9208,"ORDGRAV":5,"FRAGRAV":10,"Shape_Le_2":224.915980959,"Shape_Le_3":224.915980959,"Shape_Le_4":224.915980959,"OID_":0,"Name":" ","FolderPath":" ","SymbolID":0,"AltMode":0,"Base":0,"Clamped":0,"Extruded":0,"Snippet":" ","PopupInfo":" ","Shape_Le_5":224.915980959,"Shape_Le_6":224.915980959,"Shape_Le_7":224.915980959,"Shape_Le_8":224.88565451100001,"Shape_Length":224.88570334213259},"geometry":{"type":"MultiLineString","coordinates":[[[-75.569609515816836,5.050023713062952],[-75.569620128986287,5.050025609455028],[-75.570035174351489,5.050129378391413],[-75.570189200375921,5.050246867963737],[-75.570545324797394,5.050405190398077],[-75.570730350719757,5.050500377017269],[-75.571511650287448,5.050515222076037],[-75.57152823142421,5.05051556409331]]]}},
{"type":"Feature","properties":{"OBJECTID_12":29240,"OBJECTID_1":29240,"OBJECTID_2":0,"OBJECTID_3":29241,"OBJECTID_4":0,"OBJECTID":9360,"CODDEP":" ","TIPO":" ","NOMBRE":" ","ORDEN":" ","N_ORDEN":0,"SCU_CODIGO":" ","CUE_CODIGO":" ","NOM_CCA":" ","NOM_ANT":" ","NOM_NVO":" ","TIPO_CCA":" ","COD_DREP":" ","N_ORD_CCA":0,"LENGTH":0.0,"Shape_Leng":2.8965560833000001,"Shape_Le_1":2.8965560833000001,"NMG":" ","TTDD":0,"TEDD":5102,"ID":9211,"ORDGRAV":6,"FRAGRAV":10,"Shape_Le_2":2.8965560833000001,"Shape_Le_3":2.8965560833000001,"Shape_Le_4":2.8965560833000001,"OID_":0,"Name":" ","FolderPath":" ","SymbolID":0,"AltMode":0,"Base":0,"Clamped":0,"Extruded":0,"Snippet":" ","PopupInfo":" ","Shape_Le_5":2.8965560833000001,"Shape_Le_6":2.8965560833000001,"Shape_Le_7":2.8965560833000001,"Shape_Le_8":2.8961803988299999,"Shape_Length":2.8961803967744384},"geometry":{"type":"MultiLineString","coordinates":[[[-75.586143738907552,5.049955567107108],[-75.586159197620191,5.049976669774204]]]}},
{"type":"Feature","properties":{"OBJECTID_12":29241,"OBJECTID_1":29241,"OBJECTID_2":0,"OBJECTID_3":29242,"OBJECTID_4":0,"OBJECTID":9361,"CODDEP":" ","TIPO":" ","NOMBRE":" ","ORDEN":" ","N_ORDEN":0,"SCU_CODIGO":" ","CUE_CODIGO":" ","NOM_CCA":" ","NOM_ANT":" ","NOM_NVO":" ","TIPO_CCA":" ","COD_DREP":" ","N_ORD_CCA":0,"LENGTH":0.0,"Shape_Leng":3.4616149313700002,"Shape_Le_1":3.4616149313700002,"NMG":" ","TTDD":0,"TEDD":5102,"ID":9212,"ORDGRAV":6,"FRAGRAV":10,"Shape_Le_2":3.4616149313700002,"Shape_Le_3":3.4616149313700002,"Shape_Le_4":3.4616149313700002,"OID_":0,"Name":" ","FolderPath":" ","SymbolID":0,"AltMode":0,"Base":0,"Clamped":0,"Extruded":0,"Snippet":" ","PopupInfo":" ","Shape_Le_5":3.4616149313700002,"Shape_Le_6":3.4616149313700002,"Shape_Le_7":3.4616149313700002,"Shape_Le_8":3.4610903366299999,"Shape_Length":3.4611752598123844},"geometry":{"type":"MultiLineString","coordinates":[[[-75.586143738907552,5.049955567107108],[-75.586174616194754,5.04995103827495]]]}},
{"type":"Feature","properties":{"OBJECTID_12":29243,"OBJECTID_1":29243,"OBJECTID_2":0,"OBJECTID_3":29244,"OBJECTID_4":0,"OBJECTID":9363,"CODDEP":" ","TIPO":" ","NOMBRE":" ","ORDEN":" ","N_ORDEN":0,"SCU_CODIGO":" ","CUE_CODIGO":" ","NOM_CCA":" ","NOM_ANT":" ","NOM_NVO":" ","TIPO_CCA":" ","COD_DREP":" ","N_ORD_CCA":0,"LENGTH":0.0,"Shape_Leng":104.80544471100001,"Shape_Le_1":104.80544471100001,"NMG":" ","TTDD":0,"TEDD":5102,"ID":9214,"ORDGRAV":8,"FRAGRAV":10,"Shape_Le_2":104.80544471100001,"Shape_Le_3":104.80544471100001,"Shape_Le_4":104.80544471100001,"OID_":0,"Name":" ","FolderPath":" ","SymbolID":0,"AltMode":0,"Base":0,"Clamped":0,"Extruded":0,"Snippet":" ","PopupInfo":" ","Shape_Le_5":104.80544471100001,"Shape_Le_6":104.80544471100001,"Shape_Le_7":104.80544471100001,"Shape_Le_8":104.79192594,"Shape_Length":104.79179249624441},"geometry":{"type":"MultiLineString","coordinates":[[[-75.585222326236178,5.049779316709545],[-75.585381419833809,5.049779141026457],[-75.585636225580927,5.049857824514616],[-75.585896255750797,5.049882966460185],[-75.586143738907552,5.049955567107108]]]}},
{"type":"Feature","properties":{"OBJECTID_12":29244,"OBJECTID_1":29244,"OBJECTID_2":0,"OBJECTID_3":29245,"OBJECTID_4":0,"OBJECTID":9364,"CODDEP":" ","TIPO":" ","NOMBRE":" ","ORDEN":" ","N_ORDEN":0,"SCU_CODIGO":" ","CUE_CODIGO":" ","NOM_CCA":" ","NOM_ANT":" ","NOM_NVO":" ","TIPO_CCA":" ","COD_DREP":" ","N_ORD_CCA":0,"LENGTH":0.0,"Shape_Leng":116.93884814800001,"Shape_Le_1":116.93884814800001,"NMG":"Quebrada Minitas","TTDD":0,"TEDD":5101,"ID":9215,"ORDGRAV":4,"FRAGRAV":15,"Shape_Le_2":116.93884814800001,"Shape_Le_3":116.93884814800001,"Shape_Le_4":116.93884814800001,"OID_":0,"Name":" ","FolderPath":" ","SymbolID":0,"AltMode":0,"Base":0,"Clamped":0,"Extruded":0,"Snippet":" ","PopupInfo":" ","Shape_Le_5":116.93884814800001,"Shape_Le_6":116.93884814800001,"Shape_Le_7":116.93884814800001,"Shape_Le_8":116.92307273199999,"Shape_Length":116.92313225198957},"geometry":{"type":"MultiLineString","coordinates":[[[-75.571545773755858,5.050515924902163],[-75.571640527689738,5.050517899018963],[-75.571946952361671,5.050191005654266],[-75.572139861604654,5.049733721878048],[-75.572150582549227,5.049720654623647]]]}},
{"type":"Feature","properties":{"OBJECTID_12":29246,"OBJECTID_1":29246,"OBJECTID_2":0,"OBJECTID_3":29247,"OBJECTID_4":0,"OBJECTID":9366,"CODDEP":" ","TIPO":" ","NOMBRE":" ","ORDEN":" ","N_ORDEN":0,"SCU_CODIGO":" ","CUE_CODIGO":" ","NOM_CCA":" ","NOM_ANT":" ","NOM_NVO":" ","TIPO_CCA":" ","COD_DREP":" ","N_ORD_CCA":0,"LENGTH":0.0,"Shape_Leng":290.56260848400001,"Shape_Le_1":290.56260848400001,"NMG":"Quebrada Voletas","TTDD":0,"TEDD":5102,"ID":9217,"ORDGRAV":4,"FRAGRAV":15,"Shape_Le_2":290.56260848400001,"Shape_Le_3":290.56260848400001,"Shape_Le_4":290.56260848400001,"OID_":0,"Name":" ","FolderPath":" ","SymbolID":0,"AltMode":0,"Base":0,"Clamped":0,"Extruded":0,"Snippet":" ","PopupInfo":" ","Shape_Le_5":290.56260848400001,"Shape_Le_6":290.56260848400001,"Shape_Le_7":290.56260848400001,"Shape_Le_8":290.52405711900002,"Shape_Length":290.52423037392094},"geometry":{"type":"MultiLineString","coordinates":[[[-75.575375429870292,5.051413269528309],[-75.575394417915632,5.051393199568551],[-75.575797470286219,5.050808131470777],[-75.576290725893017,5.050531526081889],[-75.576463823259857,5.050428076620779],[-75.576703302128735,5.050225704466328],[-75.577026912094354,5.049997147573674],[-75.577163922081823,5.049824062662633],[-75.577250288071227,5.049658142467766]]]}},
{"type":"Feature","properties":{"OBJECTID_12":29247,"OBJECTID_1":29247,"OBJECTID_2":0,"OBJECTID_3":29248,"OBJECTID_4":0,"OBJECTID":9367,"CODDEP":" ","TIPO":" ","NOMBRE":" ","ORDEN":" ","N_ORDEN":0,"SCU_CODIGO":" ","CUE_CODIGO":" ","NOM_CCA":" ","NOM_ANT":" ","NOM_NVO":" ","TIPO_CCA":" ","COD_DREP":" ","N_ORD_CCA":0,"LENGTH":0.0,"Shape_Leng":248.24919203300001,"Shape_Le_1":248.24919203300001,"NMG":" ","TTDD":0,"TEDD":5102,"ID":9218,"ORDGRAV":5,"FRAGRAV":10,"Shape_Le_2":248.24919203300001,"Shape_Le_3":248.24919203300001,"Shape_Le_4":248.24919203300001,"OID_":0,"Name":" ","FolderPath":" ","SymbolID":0,"AltMode":0,"Base":0,"Clamped":0,"Extruded":0,"Snippet":" ","PopupInfo":" ","Shape_Le_5":248.24919203300001,"Shape_Le_6":248.24919203300001,"Shape_Le_7":248.24919203300001,"Shape_Le_8":248.21637881800001,"Shape_Length":248.21650249490853},"geometry":{"type":"MultiLineString","coordinates":[[[-75.577085651963316,5.051799364212403],[-75.577146948151224,5.051770640945499],[-75.577138807948117,5.051688405988091],[-75.577207256090759,5.051474091759392],[-75.577288489942575,5.051313378768987],[-75.577333865641151,5.051065484280544],[-75.577402973069553,5.050597086552073],[-75.577408137734366,5.050413488952253],[-75.577387129823435,5.050050841207403],[-75.577250288071227,5.049658142467766]]]}},
{"type":"Feature","properties":{"OBJECTID_12":29248,"OBJECTID_1":29248,"OBJECTID_2":0,"OBJECTID_3":29249,"OBJECTID_4":0,"OBJECTID":9369,"CODDEP":" ","TIPO":" ","NOMBRE":" ","ORDEN":" ","N_ORDEN":0,"SCU_CODIGO":" ","CUE_CODIGO":" ","NOM_CCA":" ","NOM_ANT":" ","NOM_NVO":" ","TIPO_CCA":" ","COD_DREP":" ","N_ORD_CCA":0,"LENGTH":0.0,"Shape_Leng":40.817807276899998,"Shape_Le_1":40.817807276899998,"NMG":"Quebrada Minitas","TTDD":0,"TEDD":5101,"ID":9220,"ORDGRAV":4,"FRAGRAV":15,"Shape_Le_2":40.817807276899998,"Shape_Le_3":40.817807276899998,"Shape_Le_4":40.817807276899998,"OID_":0,"Name":" ","FolderPath":" ","SymbolID":0,"AltMode":0,"Base":0,"Clamped":0,"Extruded":0,"Snippet":" ","PopupInfo":" ","Shape_Le_5":40.817807276899998,"Shape_Le_6":40.817807276899998,"Shape_Le_7":40.817807276899998,"Shape_Le_8":40.812341826500003,"Shape_Length":40.812341826483014},"geometry":{"type":"MultiLineString","coordinates":[[[-75.572150582549227,5.049720654623647],[-75.57238436237192,5.049435705780168]]]}},
{"type":"Feature","properties":{"OBJECTID_12":29249,"OBJECTID_1":29249,"OBJECTID_2":0,"OBJECTID_3":29250,"OBJECTID_4":0,"OBJECTID":9370,"CODDEP":" ","TIPO":" ","NOMBRE":" ","ORDEN":" ","N_ORDEN":0,"SCU_CODIGO":" ","CUE_CODIGO":" ","NOM_CCA":" ","NOM_ANT":" ","NOM_NVO":" ","TIPO_CCA":" ","COD_DREP":" ","N_ORD_CCA":0,"LENGTH":0.0,"Shape_Leng":45.1477603863,"Shape_Le_1":45.1477603863,"NMG":"Quebrada Voletas","TTDD":0,"TEDD":5102,"ID":9221,"ORDGRAV":4,"FRAGRAV":15,"Shape_Le_2":45.1477603863,"Shape_Le_3":45.1477603863,"Shape_Le_4":45.1477603863,"OID_":0,"Name":" ","FolderPath":" ","SymbolID":0,"AltMode":0,"Base":0,"Clamped":0,"Extruded":0,"Snippet":" ","PopupInfo":" ","Shape_Le_5":45.1477603863,"Shape_Le_6":45.1477603863,"Shape_Le_7":45.1477603863,"Shape_Le_8":45.141766964799999,"Shape_Length":45.141770406165506},"geometry":{"type":"MultiLineString","coordinates":[[[-75.577250288071227,5.049658142467766],[-75.577253892401984,5.049651219798847],[-75.577409797766478,5.049282688563069]]]}},
{"type":"Feature","properties":{"OBJECTID_12":29250,"OBJECTID_1":29250,"OBJECTID_2":0,"OBJECTID_3":29251,"OBJECTID_4":0,"OBJECTID":9371,"CODDEP":" ","TIPO":" ","NOMBRE":" ","ORDEN":" ","N_ORDEN":0,"SCU_CODIGO":" ","CUE_CODIGO":" ","NOM_CCA":" ","NOM_ANT":" ","NOM_NVO":" ","TIPO_CCA":" ","COD_DREP":" ","N_ORD_CCA":0,"LENGTH":0.0,"Shape_Leng":186.511664723,"Shape_Le_1":186.511664723,"NMG":" ","TTDD":0,"TEDD":5102,"ID":9224,"ORDGRAV":5,"FRAGRAV":10,"Shape_Le_2":186.511664723,"Shape_Le_3":186.511664723,"Shape_Le_4":186.511664723,"OID_":0,"Name":" ","FolderPath":" ","SymbolID":0,"AltMode":0,"Base":0,"Clamped":0,"Extruded":0,"Snippet":" ","PopupInfo":" ","Shape_Le_5":186.511664723,"Shape_Le_6":186.511664723,"Shape_Le_7":186.511664723,"Shape_Le_8":186.48690127899999,"Shape_Length":186.48700715986433},"geometry":{"type":"MultiLineString","coordinates":[[[-75.575774231149495,5.049049372911789],[-75.575912960356447,5.049026861114835],[-75.576022691561477,5.049005383918851],[-75.576195073307446,5.049021693217553],[-75.576359511072226,5.049038030395963],[-75.576574197607286,5.049061752601163],[-75.576909670073817,5.04916973416011],[-75.576994657863196,5.049206796240559],[-75.577070987265301,5.049230330959849],[-75.577164466868226,5.049251303986307],[-75.577320962865471,5.049299271273969],[-75.577409797766478,5.049282688563069]]]}},
{"type":"Feature","properties":{"OBJECTID_12":29251,"OBJECTID_1":29251,"OBJECTID_2":0,"OBJECTID_3":29252,"OBJECTID_4":0,"OBJECTID":9372,"CODDEP":" ","TIPO":" ","NOMBRE":" ","ORDEN":" ","N_ORDEN":0,"SCU_CODIGO":" ","CUE_CODIGO":" ","NOM_CCA":" ","NOM_ANT":" ","NOM_NVO":" ","TIPO_CCA":" ","COD_DREP":" ","N_ORD_CCA":0,"LENGTH":0.0,"Shape_Leng":64.165090849400002,"Shape_Le_1":64.165090849400002,"NMG":"Quebrada Voletas","TTDD":0,"TEDD":5102,"ID":9225,"ORDGRAV":4,"FRAGRAV":15,"Shape_Le_2":64.165090849400002,"Shape_Le_3":64.165090849400002,"Shape_Le_4":64.165090849400002,"OID_":0,"Name":" ","FolderPath":" ","SymbolID":0,"AltMode":0,"Base":0,"Clamped":0,"Extruded":0,"Snippet":" ","PopupInfo":" ","Shape_Le_5":64.165090849400002,"Shape_Le_6":64.165090849400002,"Shape_Le_7":64.165090849400002,"Shape_Le_8":64.156609878599994,"Shape_Length":64.156509811261898},"geometry":{"type":"MultiLineString","coordinates":[[[-75.577409797766478,5.049282688563069],[-75.577749184351106,5.049092949572676],[-75.577904371136029,5.048983251429527]]]}},
{"type":"Feature","properties":{"OBJECTID_12":29252,"OBJECTID_1":29252,"OBJECTID_2":0,"OBJECTID_3":29253,"OBJECTID_4":0,"OBJECTID":9373,"CODDEP":" ","TIPO":" ","NOMBRE":" ","ORDEN":" ","N_ORDEN":0,"SCU_CODIGO":" ","CUE_CODIGO":" ","NOM_CCA":" ","NOM_ANT":" ","NOM_NVO":" ","TIPO_CCA":" ","COD_DREP":" ","N_ORD_CCA":0,"LENGTH":0.0,"Shape_Leng":169.67146437599999,"Shape_Le_1":169.67146437599999,"NMG":" ","TTDD":0,"TEDD":5102,"ID":9226,"ORDGRAV":5,"FRAGRAV":10,"Shape_Le_2":169.67146437599999,"Shape_Le_3":169.67146437599999,"Shape_Le_4":169.67146437599999,"OID_":0,"Name":" ","FolderPath":" ","SymbolID":0,"AltMode":0,"Base":0,"Clamped":0,"Extruded":0,"Snippet":" ","PopupInfo":" ","Shape_Le_5":169.67146437599999,"Shape_Le_6":169.67146437599999,"Shape_Le_7":169.67146437599999,"Shape_Le_8":169.64893918600001,"Shape_Length":169.64898467802527},"geometry":{"type":"MultiLineString","coordinates":[[[-75.578465827091804,5.05037268285008],[-75.578350075124206,5.049911570573388],[-75.578320649594517,5.049876742583834],[-75.578312647358757,5.049828270425524],[-75.578230349928262,5.049746738947421],[-75.578210417269929,5.049540094049556],[-75.578172432183976,5.049417280829757],[-75.578068135615183,5.049257728396885],[-75.577980361996978,5.04913126417317],[-75.577904371136029,5.048983251429527]]]}},
{"type":"Feature","properties":{"OBJECTID_12":29253,"OBJECTID_1":29253,"OBJECTID_2":0,"OBJECTID_3":29254,"OBJECTID_4":0,"OBJECTID":9374,"CODDEP":" ","TIPO":" ","NOMBRE":" ","ORDEN":" ","N_ORDEN":0,"SCU_CODIGO":" ","CUE_CODIGO":" ","NOM_CCA":" ","NOM_ANT":" ","NOM_NVO":" ","TIPO_CCA":" ","COD_DREP":" ","N_ORD_CCA":0,"LENGTH":0.0,"Shape_Leng":0.51293201222999996,"Shape_Le_1":0.51293201222999996,"NMG":"Quebrada Voletas","TTDD":0,"TEDD":5102,"ID":9228,"ORDGRAV":4,"FRAGRAV":15,"Shape_Le_2":0.51293201222999996,"Shape_Le_3":0.51293201222999996,"Shape_Le_4":0.51293201222999996,"OID_":0,"Name":" ","FolderPath":" ","SymbolID":0,"AltMode":0,"Base":0,"Clamped":0,"Extruded":0,"Snippet":" ","PopupInfo":" ","Shape_Le_5":0.51293201222999996,"Shape_Le_6":0.51293201222999996,"Shape_Le_7":0.51293201222999996,"Shape_Le_8":0.51283527420599995,"Shape_Length":0.51283527628808645},"geometry":{"type":"MultiLineString","coordinates":[[[-75.577904371136029,5.048983251429527],[-75.577902255001533,5.0489791289347]]]}},
{"type":"Feature","properties":{"OBJECTID_12":29255,"OBJECTID_1":29255,"OBJECTID_2":0,"OBJECTID_3":29256,"OBJECTID_4":0,"OBJECTID":9376,"CODDEP":" ","TIPO":" ","NOMBRE":" ","ORDEN":" ","N_ORDEN":0,"SCU_CODIGO":" ","CUE_CODIGO":" ","NOM_CCA":" ","NOM_ANT":" ","NOM_NVO":" ","TIPO_CCA":" ","COD_DREP":" ","N_ORD_CCA":0,"LENGTH":0.0,"Shape_Leng":94.417212262600003,"Shape_Le_1":94.417212262600003,"NMG":"Quebrada Minitas","TTDD":0,"TEDD":5101,"ID":9230,"ORDGRAV":4,"FRAGRAV":15,"Shape_Le_2":94.417212262600003,"Shape_Le_3":94.417212262600003,"Shape_Le_4":94.417212262600003,"OID_":0,"Name":" ","FolderPath":" ","SymbolID":0,"AltMode":0,"Base":0,"Clamped":0,"Extruded":0,"Snippet":" ","PopupInfo":" ","Shape_Le_5":94.417212262600003,"Shape_Le_6":94.417212262600003,"Shape_Le_7":94.417212262600003,"Shape_Le_8":94.404571774900006,"Shape_Length":94.404680916979927},"geometry":{"type":"MultiLineString","coordinates":[[[-75.57238436237192,5.049435705780168],[-75.572464963184373,5.049337461923493],[-75.572691611183402,5.048647632571195]]]}},
{"type":"Feature","properties":{"OBJECTID_12":29257,"OBJECTID_1":29257,"OBJECTID_2":0,"OBJECTID_3":29258,"OBJECTID_4":0,"OBJECTID":9378,"CODDEP":" ","TIPO":" ","NOMBRE":" ","ORDEN":" ","N_ORDEN":0,"SCU_CODIGO":" ","CUE_CODIGO":" ","NOM_CCA":" ","NOM_ANT":" ","NOM_NVO":" ","TIPO_CCA":" ","COD_DREP":" ","N_ORD_CCA":0,"LENGTH":0.0,"Shape_Leng":1.35289045443,"Shape_Le_1":1.35289045443,"NMG":" ","TTDD":0,"TEDD":5102,"ID":9232,"ORDGRAV":4,"FRAGRAV":15,"Shape_Le_2":1.35289045443,"Shape_Le_3":1.35289045443,"Shape_Le_4":1.35289045443,"OID_":0,"Name":" ","FolderPath":" ","SymbolID":0,"AltMode":0,"Base":0,"Clamped":0,"Extruded":0,"Snippet":" ","PopupInfo":" ","Shape_Le_5":1.35289045443,"Shape_Le_6":1.35289045443,"Shape_Le_7":1.35289045443,"Shape_Le_8":1.3527538291200001,"Shape_Length":1.352653838782701},"geometry":{"type":"MultiLineString","coordinates":[[[-75.572691611183402,5.048647632571195],[-75.572691379040378,5.048635405281449]]]}},
{"type":"Feature","properties":{"OBJECTID_12":29258,"OBJECTID_1":29258,"OBJECTID_2":0,"OBJECTID_3":29259,"OBJECTID_4":0,"OBJECTID":9379,"CODDEP":" ","TIPO":" ","NOMBRE":" ","ORDEN":" ","N_ORDEN":0,"SCU_CODIGO":" ","CUE_CODIGO":" ","NOM_CCA":" ","NOM_ANT":" ","NOM_NVO":" ","TIPO_CCA":" ","COD_DREP":" ","N_ORD_CCA":0,"LENGTH":0.0,"Shape_Leng":158.600285394,"Shape_Le_1":158.600285394,"NMG":" ","TTDD":0,"TEDD":5102,"ID":9233,"ORDGRAV":5,"FRAGRAV":10,"Shape_Le_2":158.600285394,"Shape_Le_3":158.600285394,"Shape_Le_4":158.600285394,"OID_":0,"Name":" ","FolderPath":" ","SymbolID":0,"AltMode":0,"Base":0,"Clamped":0,"Extruded":0,"Snippet":" ","PopupInfo":" ","Shape_Le_5":158.600285394,"Shape_Le_6":158.600285394,"Shape_Le_7":158.600285394,"Shape_Le_8":158.57909054500001,"Shape_Length":158.579178166585},"geometry":{"type":"MultiLineString","coordinates":[[[-75.571322478920095,5.048522263611757],[-75.571481244390398,5.048796938925543],[-75.571643219923715,5.048945851906369],[-75.571697354006162,5.048953497746483],[-75.57182710056513,5.049052089417277],[-75.572053844421546,5.049211286590578],[-75.57238436237192,5.049435705780168]]]}},
{"type":"Feature","properties":{"OBJECTID_12":29259,"OBJECTID_1":29259,"OBJECTID_2":0,"OBJECTID_3":29260,"OBJECTID_4":0,"OBJECTID":9380,"CODDEP":" ","TIPO":" ","NOMBRE":" ","ORDEN":" ","N_ORDEN":0,"SCU_CODIGO":" ","CUE_CODIGO":" ","NOM_CCA":" ","NOM_ANT":" ","NOM_NVO":" ","TIPO_CCA":" ","COD_DREP":" ","N_ORD_CCA":0,"LENGTH":0.0,"Shape_Leng":268.43642317000001,"Shape_Le_1":268.43642317000001,"NMG":" ","TTDD":0,"TEDD":5102,"ID":9235,"ORDGRAV":5,"FRAGRAV":10,"Shape_Le_2":268.43642317000001,"Shape_Le_3":268.43642317000001,"Shape_Le_4":268.43642317000001,"OID_":0,"Name":" ","FolderPath":" ","SymbolID":0,"AltMode":0,"Base":0,"Clamped":0,"Extruded":0,"Snippet":" ","PopupInfo":" ","Shape_Le_5":268.43642317000001,"Shape_Le_6":268.43642317000001,"Shape_Le_7":268.43642317000001,"Shape_Le_8":268.40027843299998,"Shape_Length":268.40038178576668},"geometry":{"type":"MultiLineString","coordinates":[[[-75.570142254357648,5.048486402535366],[-75.570215119767994,5.048548831860411],[-75.570356007422035,5.048609446560102],[-75.570469713164258,5.048678730022058],[-75.570816237403264,5.048790005966476],[-75.570989675867708,5.048971838895298],[-75.571140783210438,5.049177902045545],[-75.571311174289832,5.049344831598236],[-75.571760345801138,5.049469860239822],[-75.572150582549227,5.049720654623647]]]}},
{"type":"Feature","properties":{"OBJECTID_12":29263,"OBJECTID_1":29263,"OBJECTID_2":0,"OBJECTID_3":29264,"OBJECTID_4":0,"OBJECTID":9384,"CODDEP":" ","TIPO":" ","NOMBRE":" ","ORDEN":" ","N_ORDEN":0,"SCU_CODIGO":" ","CUE_CODIGO":" ","NOM_CCA":" ","NOM_ANT":" ","NOM_NVO":" ","TIPO_CCA":" ","COD_DREP":" ","N_ORD_CCA":0,"LENGTH":0.0,"Shape_Leng":162.68050581099999,"Shape_Le_1":162.68050581099999,"NMG":"Quebrada La Manuela","TTDD":0,"TEDD":5102,"ID":9239,"ORDGRAV":4,"FRAGRAV":15,"Shape_Le_2":162.68050581099999,"Shape_Le_3":162.68050581099999,"Shape_Le_4":162.68050581099999,"OID_":0,"Name":" ","FolderPath":" ","SymbolID":0,"AltMode":0,"Base":0,"Clamped":0,"Extruded":0,"Snippet":" ","PopupInfo":" ","Shape_Le_5":162.68050581099999,"Shape_Le_6":162.68050581099999,"Shape_Le_7":162.68050581099999,"Shape_Le_8":162.65952475399999,"Shape_Length":162.65950619535823},"geometry":{"type":"MultiLineString","coordinates":[[[-75.588735387941654,5.048169209907939],[-75.58891108876135,5.048428908190234],[-75.58911201061062,5.048586927423581],[-75.589341830635149,5.048782662680897],[-75.589544499106751,5.048879133932056],[-75.589756785271263,5.048925030731763],[-75.58988624404212,5.049010858881221]]]}},
{"type":"Feature","properties":{"OBJECTID_12":29265,"OBJECTID_1":29265,"OBJECTID_2":0,"OBJECTID_3":29266,"OBJECTID_4":0,"OBJECTID":9386,"CODDEP":" ","TIPO":" ","NOMBRE":" ","ORDEN":" ","N_ORDEN":0,"SCU_CODIGO":" ","CUE_CODIGO":" ","NOM_CCA":" ","NOM_ANT":" ","NOM_NVO":" ","TIPO_CCA":" ","COD_DREP":" ","N_ORD_CCA":0,"LENGTH":0.0,"Shape_Leng":90.07759359000001,"Shape_Le_1":90.07759359000001,"NMG":"Quebrada La Manuela","TTDD":0,"TEDD":5102,"ID":9241,"ORDGRAV":4,"FRAGRAV":15,"Shape_Le_2":90.07759359000001,"Shape_Le_3":90.07759359000001,"Shape_Le_4":90.07759359000001,"OID_":0,"Name":" ","FolderPath":" ","SymbolID":0,"AltMode":0,"Base":0,"Clamped":0,"Extruded":0,"Snippet":" ","PopupInfo":" ","Shape_Le_5":90.07759359000001,"Shape_Le_6":90.07759359000001,"Shape_Le_7":90.07759359000001,"Shape_Le_8":90.065994174099998,"Shape_Length":90.065924249867109},"geometry":{"type":"MultiLineString","coordinates":[[[-75.588155349548288,5.047599361589187],[-75.588446099189085,5.047882195832321],[-75.588735387941654,5.048169209907939]]]}},
{"type":"Feature","properties":{"OBJECTID_12":29267,"OBJECTID_1":29267,"OBJECTID_2":0,"OBJECTID_3":29268,"OBJECTID_4":0,"OBJECTID":9388,"CODDEP":" ","TIPO":" ","NOMBRE":" ","ORDEN":" ","N_ORDEN":0,"SCU_CODIGO":" ","CUE_CODIGO":" ","NOM_CCA":" ","NOM_ANT":" ","NOM_NVO":" ","TIPO_CCA":" ","COD_DREP":" ","N_ORD_CCA":0,"LENGTH":0.0,"Shape_Leng":196.81772113,"Shape_Le_1":196.81772113,"NMG":" ","TTDD":0,"TEDD":5102,"ID":9243,"ORDGRAV":5,"FRAGRAV":10,"Shape_Le_2":196.81772113,"Shape_Le_3":196.81772113,"Shape_Le_4":196.81772113,"OID_":0,"Name":" ","FolderPath":" ","SymbolID":0,"AltMode":0,"Base":0,"Clamped":0,"Extruded":0,"Snippet":" ","PopupInfo":" ","Shape_Le_5":196.81772113,"Shape_Le_6":196.81772113,"Shape_Le_7":196.81772113,"Shape_Le_8":196.79164928099999,"Shape_Length":196.79194695344285},"geometry":{"type":"MultiLineString","coordinates":[[[-75.576101832170693,5.048114602470859],[-75.576201662399214,5.048095571390101],[-75.576277407002451,5.048067161685766],[-75.576366538988907,5.048018967385277],[-75.576564741150548,5.047932193537309],[-75.576675756555971,5.047874324171945],[-75.576758974428742,5.047815069767721],[-75.576841669103842,5.047731778797553],[-75.577023579341045,5.047552160804469],[-75.577491384262231,5.047368668857651],[-75.57756104409215,5.04721068910921]]]}},
{"type":"Feature","properties":{"OBJECTID_12":29268,"OBJECTID_1":29268,"OBJECTID_2":0,"OBJECTID_3":29269,"OBJECTID_4":0,"OBJECTID":9389,"CODDEP":" ","TIPO":" ","NOMBRE":" ","ORDEN":" ","N_ORDEN":0,"SCU_CODIGO":" ","CUE_CODIGO":" ","NOM_CCA":" ","NOM_ANT":" ","NOM_NVO":" ","TIPO_CCA":" ","COD_DREP":" ","N_ORD_CCA":0,"LENGTH":0.0,"Shape_Leng":211.56588232300001,"Shape_Le_1":211.56588232300001,"NMG":"Quebrada Voletas","TTDD":0,"TEDD":5102,"ID":9244,"ORDGRAV":4,"FRAGRAV":15,"Shape_Le_2":211.56588232300001,"Shape_Le_3":211.56588232300001,"Shape_Le_4":211.56588232300001,"OID_":0,"Name":" ","FolderPath":" ","SymbolID":0,"AltMode":0,"Base":0,"Clamped":0,"Extruded":0,"Snippet":" ","PopupInfo":" ","Shape_Le_5":211.56588232300001,"Shape_Le_6":211.56588232300001,"Shape_Le_7":211.56588232300001,"Shape_Le_8":211.53797829000001,"Shape_Length":211.53806959813414},"geometry":{"type":"MultiLineString","coordinates":[[[-75.577902255001533,5.0489791289347],[-75.578012883957442,5.04859280389166],[-75.577967330805592,5.048350835673705],[-75.577742091099921,5.048094711280393],[-75.5776289602356,5.047912131523153],[-75.577558551091144,5.047529345533529],[-75.57756104409215,5.04721068910921]]]}},
{"type":"Feature","properties":{"OBJECTID_12":29269,"OBJECTID_1":29269,"OBJECTID_2":0,"OBJECTID_3":29270,"OBJECTID_4":0,"OBJECTID":9390,"CODDEP":" ","TIPO":" ","NOMBRE":" ","ORDEN":" ","N_ORDEN":0,"SCU_CODIGO":" ","CUE_CODIGO":" ","NOM_CCA":" ","NOM_ANT":" ","NOM_NVO":" ","TIPO_CCA":" ","COD_DREP":" ","N_ORD_CCA":0,"LENGTH":0.0,"Shape_Leng":163.55171187600001,"Shape_Le_1":163.55171187600001,"NMG":" ","TTDD":0,"TEDD":5102,"ID":9245,"ORDGRAV":5,"FRAGRAV":10,"Shape_Le_2":163.55171187600001,"Shape_Le_3":163.55171187600001,"Shape_Le_4":163.55171187600001,"OID_":0,"Name":" ","FolderPath":" ","SymbolID":0,"AltMode":0,"Base":0,"Clamped":0,"Extruded":0,"Snippet":" ","PopupInfo":" ","Shape_Le_5":163.55171187600001,"Shape_Le_6":163.55171187600001,"Shape_Le_7":163.55171187600001,"Shape_Le_8":163.53038618599999,"Shape_Length":163.53033636302456},"geometry":{"type":"MultiLineString","coordinates":[[[-75.584743542373332,5.048027337876991],[-75.584901130372202,5.04801202558066],[-75.58498986108404,5.047980971238932],[-75.585133539924186,5.047863448577902],[-75.585309419855406,5.047792013929713],[-75.585461211583024,5.047780862736349],[-75.585532446103088,5.047734426816558],[-75.585577163126615,5.04759160812053],[-75.585584932986791,5.04744229684977],[-75.585654781680816,5.047138026055477]]]}},
{"type":"Feature","properties":{"OBJECTID_12":29270,"OBJECTID_1":29270,"OBJECTID_2":0,"OBJECTID_3":29271,"OBJECTID_4":0,"OBJECTID":9391,"CODDEP":" ","TIPO":" ","NOMBRE":" ","ORDEN":" ","N_ORDEN":0,"SCU_CODIGO":" ","CUE_CODIGO":" ","NOM_CCA":" ","NOM_ANT":" ","NOM_NVO":" ","TIPO_CCA":" ","COD_DREP":" ","N_ORD_CCA":0,"LENGTH":0.0,"Shape_Leng":370.02152767500002,"Shape_Le_1":370.02152767500002,"NMG":"Quebrada La Manuela","TTDD":0,"TEDD":5102,"ID":9246,"ORDGRAV":4,"FRAGRAV":15,"Shape_Le_2":370.02152767500002,"Shape_Le_3":370.02152767500002,"Shape_Le_4":370.02152767500002,"OID_":0,"Name":" ","FolderPath":" ","SymbolID":0,"AltMode":0,"Base":0,"Clamped":0,"Extruded":0,"Snippet":" ","PopupInfo":" ","Shape_Le_5":370.02152767500002,"Shape_Le_6":370.02152767500002,"Shape_Le_7":370.02152767500002,"Shape_Le_8":369.97388279500001,"Shape_Length":369.97333244617886},"geometry":{"type":"MultiLineString","coordinates":[[[-75.585654781680816,5.047138026055477],[-75.585659259976467,5.047170580583293],[-75.585829698574869,5.047307151732767],[-75.585970818279293,5.047447407245291],[-75.586062897602019,5.047545874885302],[-75.586212827211568,5.047504653959092],[-75.58639532208106,5.047406892220254],[-75.58643802938542,5.047444965843597],[-75.586456028295459,5.04757265199853],[-75.586570543752202,5.047655134951512],[-75.586655145852902,5.047769891749306],[-75.586694338608439,5.047669864909683],[-75.586799262566856,5.047665614155926],[-75.586999296446905,5.047853581154816],[-75.587199665159744,5.047855595918379],[-75.587498891936391,5.047836794435645],[-75.587507824429622,5.047751161429567],[-75.587519757255507,5.047658430961939],[-75.587552555666818,5.047624787591629],[-75.587568779271137,5.047599378931161],[-75.587593077931373,5.04759701996521],[-75.587615906380677,5.047596782474712],[-75.587662495411024,5.047619923609792],[-75.587679668917062,5.047651034217266],[-75.58772083097476,5.047694801617476],[-75.587743181206065,5.047717433643192],[-75.587781123075231,5.047710353255969],[-75.587795777258066,5.047692061664515],[-75.58782085626251,5.047652533488197],[-75.587842522773173,5.047639393570739],[-75.587885558337945,5.047628137585839],[-75.587993411952681,5.04762036883089],[-75.588086912721423,5.047617302608094],[-75.588155349548288,5.047599361589187]]]}},
{"type":"Feature","properties":{"OBJECTID_12":29274,"OBJECTID_1":29274,"OBJECTID_2":0,"OBJECTID_3":29275,"OBJECTID_4":0,"OBJECTID":9395,"CODDEP":" ","TIPO":" ","NOMBRE":" ","ORDEN":" ","N_ORDEN":0,"SCU_CODIGO":" ","CUE_CODIGO":" ","NOM_CCA":" ","NOM_ANT":" ","NOM_NVO":" ","TIPO_CCA":" ","COD_DREP":" ","N_ORD_CCA":0,"LENGTH":0.0,"Shape_Leng":302.58002561799998,"Shape_Le_1":302.58002561799998,"NMG":"Quebrada La Manuela","TTDD":0,"TEDD":5102,"ID":9251,"ORDGRAV":5,"FRAGRAV":10,"Shape_Le_2":302.58002561799998,"Shape_Le_3":302.58002561799998,"Shape_Le_4":302.58002561799998,"OID_":0,"Name":" ","FolderPath":" ","SymbolID":0,"AltMode":0,"Base":0,"Clamped":0,"Extruded":0,"Snippet":" ","PopupInfo":" ","Shape_Le_5":302.58002561799998,"Shape_Le_6":302.58002561799998,"Shape_Le_7":302.58002561799998,"Shape_Le_8":302.54065918800001,"Shape_Length":302.54068839158424},"geometry":{"type":"MultiLineString","coordinates":[[[-75.583325319877417,5.048692859455053],[-75.583565528179122,5.048493955944163],[-75.583603336747558,5.048411263644311],[-75.583782824236337,5.048272599640362],[-75.583902155274941,5.047981933701648],[-75.583977070861792,5.047850702015622],[-75.584096972944934,5.047648710867172],[-75.584428203215268,5.047339522210007],[-75.584798098996799,5.047084009392552],[-75.585039490344087,5.046646619424942]]]}},
{"type":"Feature","properties":{"OBJECTID_12":29278,"OBJECTID_1":29278,"OBJECTID_2":0,"OBJECTID_3":29279,"OBJECTID_4":0,"OBJECTID":9399,"CODDEP":" ","TIPO":" ","NOMBRE":" ","ORDEN":" ","N_ORDEN":0,"SCU_CODIGO":" ","CUE_CODIGO":" ","NOM_CCA":" ","NOM_ANT":" ","NOM_NVO":" ","TIPO_CCA":" ","COD_DREP":" ","N_ORD_CCA":0,"LENGTH":0.0,"Shape_Leng":178.706653184,"Shape_Le_1":178.706653184,"NMG":" ","TTDD":0,"TEDD":5102,"ID":9255,"ORDGRAV":5,"FRAGRAV":10,"Shape_Le_2":178.706653184,"Shape_Le_3":178.706653184,"Shape_Le_4":178.706653184,"OID_":0,"Name":" ","FolderPath":" ","SymbolID":0,"AltMode":0,"Base":0,"Clamped":0,"Extruded":0,"Snippet":" ","PopupInfo":" ","Shape_Le_5":178.706653184,"Shape_Le_6":178.706653184,"Shape_Le_7":178.706653184,"Shape_Le_8":178.68362698499999,"Shape_Length":178.68357217938279},"geometry":{"type":"MultiLineString","coordinates":[[[-75.589203617395953,5.046652658879089],[-75.589213787051165,5.046853477534714],[-75.589082931719503,5.047107505864371],[-75.588932676857667,5.047400905933077],[-75.588820239033268,5.047694654238889],[-75.588757656923804,5.047923645867161],[-75.588735387941654,5.048169209907939]]]}},
{"type":"Feature","properties":{"OBJECTID_12":29279,"OBJECTID_1":29279,"OBJECTID_2":0,"OBJECTID_3":29280,"OBJECTID_4":0,"OBJECTID":9400,"CODDEP":" ","TIPO":" ","NOMBRE":" ","ORDEN":" ","N_ORDEN":0,"SCU_CODIGO":" ","CUE_CODIGO":" ","NOM_CCA":" ","NOM_ANT":" ","NOM_NVO":" ","TIPO_CCA":" ","COD_DREP":" ","N_ORD_CCA":0,"LENGTH":0.0,"Shape_Leng":107.41563973,"Shape_Le_1":107.41563973,"NMG":" ","TTDD":0,"TEDD":5102,"ID":9256,"ORDGRAV":5,"FRAGRAV":10,"Shape_Le_2":107.41563973,"Shape_Le_3":107.41563973,"Shape_Le_4":107.41563973,"OID_":0,"Name":" ","FolderPath":" ","SymbolID":0,"AltMode":0,"Base":0,"Clamped":0,"Extruded":0,"Snippet":" ","PopupInfo":" ","Shape_Le_5":107.41563973,"Shape_Le_6":107.41563973,"Shape_Le_7":107.41563973,"Shape_Le_8":107.401759048,"Shape_Length":107.40175571334142},"geometry":{"type":"MultiLineString","coordinates":[[[-75.587959185656018,5.046649797663667],[-75.588015226998024,5.047037884207896],[-75.588044492029411,5.047138619884961],[-75.588155349548288,5.047599361589187]]]}},
{"type":"Feature","properties":{"OBJECTID_12":29280,"OBJECTID_1":29280,"OBJECTID_2":0,"OBJECTID_3":29281,"OBJECTID_4":0,"OBJECTID":9401,"CODDEP":" ","TIPO":" ","NOMBRE":" ","ORDEN":" ","N_ORDEN":0,"SCU_CODIGO":" ","CUE_CODIGO":" ","NOM_CCA":" ","NOM_ANT":" ","NOM_NVO":" ","TIPO_CCA":" ","COD_DREP":" ","N_ORD_CCA":0,"LENGTH":0.0,"Shape_Leng":99.117763616999994,"Shape_Le_1":99.117763616999994,"NMG":" ","TTDD":0,"TEDD":5102,"ID":9257,"ORDGRAV":5,"FRAGRAV":10,"Shape_Le_2":99.117763616999994,"Shape_Le_3":99.117763616999994,"Shape_Le_4":99.117763616999994,"OID_":0,"Name":" ","FolderPath":" ","SymbolID":0,"AltMode":0,"Base":0,"Clamped":0,"Extruded":0,"Snippet":" ","PopupInfo":" ","Shape_Le_5":99.117763616999994,"Shape_Le_6":99.117763616999994,"Shape_Le_7":99.117763616999994,"Shape_Le_8":99.104781347799999,"Shape_Length":99.104742358214807},"geometry":{"type":"MultiLineString","coordinates":[[[-75.582893196061164,5.047490579482586],[-75.582859178967809,5.047315262005455],[-75.582833978124469,5.04724277657604],[-75.582804452384792,5.047090801651687],[-75.582769648004088,5.046944346533285],[-75.582734898087864,5.046821899882612],[-75.582653956096564,5.046691160068333],[-75.582661166098561,5.046637588054124]]]}},
{"type":"Feature","properties":{"OBJECTID_12":29281,"OBJECTID_1":29281,"OBJECTID_2":0,"OBJECTID_3":29282,"OBJECTID_4":0,"OBJECTID":9402,"CODDEP":" ","TIPO":" ","NOMBRE":" ","ORDEN":" ","N_ORDEN":0,"SCU_CODIGO":" ","CUE_CODIGO":" ","NOM_CCA":" ","NOM_ANT":" ","NOM_NVO":" ","TIPO_CCA":" ","COD_DREP":" ","N_ORD_CCA":0,"LENGTH":0.0,"Shape_Leng":360.213644284,"Shape_Le_1":360.213644284,"NMG":" ","TTDD":0,"TEDD":5102,"ID":9258,"ORDGRAV":5,"FRAGRAV":10,"Shape_Le_2":360.213644284,"Shape_Le_3":360.213644284,"Shape_Le_4":360.213644284,"OID_":0,"Name":" ","FolderPath":" ","SymbolID":0,"AltMode":0,"Base":0,"Clamped":0,"Extruded":0,"Snippet":" ","PopupInfo":" ","Shape_Le_5":360.213644284,"Shape_Le_6":360.213644284,"Shape_Le_7":360.213644284,"Shape_Le_8":360.16629063400001,"Shape_Length":360.16619510603476},"geometry":{"type":"MultiLineString","coordinates":[[[-75.580644794128062,5.04966303155527],[-75.580636024983193,5.049473842729959],[-75.580604919587074,5.049412542807408],[-75.580558993105697,5.049316704124958],[-75.580536588415598,5.049196873437152],[-75.580568906608619,5.048993133099565],[-75.580508690201469,5.048925220533017],[-75.580545471123386,5.048854307464781],[-75.58050793906655,5.048734631863697],[-75.58052067610555,5.048382221936204],[-75.580527240010568,5.048029145818766],[-75.580678294683707,5.047855160544244],[-75.580785678706064,5.047624058901028],[-75.58093704412623,5.047312106533145],[-75.581159638877637,5.046848800859011],[-75.581158429234122,5.046634117676211]]]}},
{"type":"Feature","properties":{"OBJECTID_12":29282,"OBJECTID_1":29282,"OBJECTID_2":0,"OBJECTID_3":29283,"OBJECTID_4":0,"OBJECTID":9403,"CODDEP":" ","TIPO":" ","NOMBRE":" ","ORDEN":" ","N_ORDEN":0,"SCU_CODIGO":" ","CUE_CODIGO":" ","NOM_CCA":" ","NOM_ANT":" ","NOM_NVO":" ","TIPO_CCA":" ","COD_DREP":" ","N_ORD_CCA":0,"LENGTH":0.0,"Shape_Leng":336.64896655500002,"Shape_Le_1":336.64896655500002,"NMG":"Quebrada La Manuela","TTDD":0,"TEDD":5102,"ID":9259,"ORDGRAV":4,"FRAGRAV":15,"Shape_Le_2":336.64896655500002,"Shape_Le_3":336.64896655500002,"Shape_Le_4":336.64896655500002,"OID_":0,"Name":" ","FolderPath":" ","SymbolID":0,"AltMode":0,"Base":0,"Clamped":0,"Extruded":0,"Snippet":" ","PopupInfo":" ","Shape_Le_5":336.64896655500002,"Shape_Le_6":336.64896655500002,"Shape_Le_7":336.64896655500002,"Shape_Le_8":336.60445635500002,"Shape_Length":336.60425392938635},"geometry":{"type":"MultiLineString","coordinates":[[[-75.57756104409215,5.04721068910921],[-75.57756108456492,5.047205413433587],[-75.577655581206002,5.046984961926904],[-75.577781966228343,5.046876025784512],[-75.578005845046661,5.047015132516651],[-75.578263569993652,5.047308008574888],[-75.578473751287049,5.047386048546346],[-75.578479828015588,5.047382374490611],[-75.578759442650465,5.047448272867605],[-75.579064567755552,5.047420294948132],[-75.579235276234868,5.047356071743105],[-75.579558740248885,5.046947267486347],[-75.579870162346225,5.046631137615946]]]}},
{"type":"Feature","properties":{"OBJECTID_12":29283,"OBJECTID_1":29283,"OBJECTID_2":0,"OBJECTID_3":29284,"OBJECTID_4":0,"OBJECTID":9404,"CODDEP":" ","TIPO":" ","NOMBRE":" ","ORDEN":" ","N_ORDEN":0,"SCU_CODIGO":" ","CUE_CODIGO":" ","NOM_CCA":" ","NOM_ANT":" ","NOM_NVO":" ","TIPO_CCA":" ","COD_DREP":" ","N_ORD_CCA":0,"LENGTH":0.0,"Shape_Leng":248.61575064199999,"Shape_Le_1":248.61575064199999,"NMG":"Quebrada Minitas","TTDD":0,"TEDD":5101,"ID":9260,"ORDGRAV":4,"FRAGRAV":15,"Shape_Le_2":248.61575064199999,"Shape_Le_3":248.61575064199999,"Shape_Le_4":248.61575064199999,"OID_":0,"Name":" ","FolderPath":" ","SymbolID":0,"AltMode":0,"Base":0,"Clamped":0,"Extruded":0,"Snippet":" ","PopupInfo":" ","Shape_Le_5":248.61575064199999,"Shape_Le_6":248.61575064199999,"Shape_Le_7":248.61575064199999,"Shape_Le_8":248.582377979,"Shape_Length":248.58243835780598},"geometry":{"type":"MultiLineString","coordinates":[[[-75.572691379040378,5.048635405281449],[-75.572767396105078,5.048216622431051],[-75.573042370431864,5.047902085876336],[-75.573363714710837,5.047476084738255],[-75.573400901345693,5.047132140764679],[-75.573336955298373,5.046829519088552],[-75.573352575145307,5.046616031819381]]]}},
{"type":"Feature","properties":{"OBJECTID_12":29827,"OBJECTID_1":29827,"OBJECTID_2":0,"OBJECTID_3":29828,"OBJECTID_4":0,"OBJECTID":9948,"CODDEP":" ","TIPO":" ","NOMBRE":" ","ORDEN":" ","N_ORDEN":0,"SCU_CODIGO":" ","CUE_CODIGO":" ","NOM_CCA":" ","NOM_ANT":" ","NOM_NVO":" ","TIPO_CCA":" ","COD_DREP":" ","N_ORD_CCA":0,"LENGTH":0.0,"Shape_Leng":90.301571609899995,"Shape_Le_1":90.301571609899995,"NMG":"Quebrada La Manuela","TTDD":0,"TEDD":5102,"ID":9251,"ORDGRAV":5,"FRAGRAV":10,"Shape_Le_2":90.301571609899995,"Shape_Le_3":90.301571609899995,"Shape_Le_4":90.301571609899995,"OID_":0,"Name":" ","FolderPath":" ","SymbolID":0,"AltMode":0,"Base":0,"Clamped":0,"Extruded":0,"Snippet":" ","PopupInfo":" ","Shape_Le_5":90.301571609899995,"Shape_Le_6":90.301571609899995,"Shape_Le_7":90.301571609899995,"Shape_Le_8":90.289863512400004,"Shape_Length":90.28988442342272},"geometry":{"type":"MultiLineString","coordinates":[[[-75.585039490344087,5.046646619424942],[-75.58537233339284,5.046841345512526],[-75.585643175703339,5.047053677244526],[-75.585654781680816,5.047138026055477]]]}},
{"type":"Feature","properties":{"OBJECTID_12":29860,"OBJECTID_1":null,"OBJECTID_2":null,"OBJECTID_3":null,"OBJECTID_4":null,"OBJECTID":null,"CODDEP":null,"TIPO":null,"NOMBRE":null,"ORDEN":null,"N_ORDEN":null,"SCU_CODIGO":null,"CUE_CODIGO":null,"NOM_CCA":null,"NOM_ANT":null,"NOM_NVO":null,"TIPO_CCA":null,"COD_DREP":null,"N_ORD_CCA":null,"LENGTH":null,"Shape_Leng":null,"Shape_Le_1":null,"NMG":null,"TTDD":null,"TEDD":null,"ID":null,"ORDGRAV":null,"FRAGRAV":null,"Shape_Le_2":null,"Shape_Le_3":null,"Shape_Le_4":null,"OID_":null,"Name":null,"FolderPath":null,"SymbolID":null,"AltMode":null,"Base":null,"Clamped":null,"Extruded":null,"Snippet":null,"PopupInfo":null,"Shape_Le_5":null,"Shape_Le_6":null,"Shape_Le_7":null,"Shape_Le_8":null,"Shape_Length":221.18754263878935},"geometry":{"type":"MultiLineString","coordinates":[[[-75.5722014913827,5.049661933633907],[-75.572255975152274,5.049687366555081],[-75.572328789306695,5.049726668301526],[-75.572413488574952,5.04977238373988],[-75.57249608728057,5.049865469773925],[-75.572563386111526,5.049972391623138],[-75.572589039295195,5.050033552088483],[-75.572601342998354,5.050062886257265],[-75.5726513946707,5.050173173805248],[-75.572692909377849,5.050297273975575],[-75.572706153354602,5.050336862541971],[-75.572758311753503,5.050517445091619],[-75.572823436825047,5.050736553129572],[-75.57286217623404,5.050987197508515],[-75.572878075906601,5.05111829676348],[-75.572875481422116,5.051237447320808],[-75.572841669908925,5.051430069281139]]]}},
{"type":"Feature","properties":{"OBJECTID_12":30436,"OBJECTID_1":null,"OBJECTID_2":null,"OBJECTID_3":null,"OBJECTID_4":null,"OBJECTID":null,"CODDEP":null,"TIPO":null,"NOMBRE":null,"ORDEN":null,"N_ORDEN":null,"SCU_CODIGO":null,"CUE_CODIGO":null,"NOM_CCA":null,"NOM_ANT":null,"NOM_NVO":null,"TIPO_CCA":null,"COD_DREP":null,"N_ORD_CCA":null,"LENGTH":null,"Shape_Leng":null,"Shape_Le_1":null,"NMG":null,"TTDD":null,"TEDD":null,"ID":null,"ORDGRAV":null,"FRAGRAV":null,"Shape_Le_2":null,"Shape_Le_3":null,"Shape_Le_4":null,"OID_":null,"Name":null,"FolderPath":null,"SymbolID":null,"AltMode":null,"Base":null,"Clamped":null,"Extruded":null,"Snippet":null,"PopupInfo":null,"Shape_Le_5":null,"Shape_Le_6":null,"Shape_Le_7":null,"Shape_Le_8":null,"Shape_Length":17.830973442222689},"geometry":{"type":"MultiLineString","coordinates":[[[-75.583126698763536,5.050963287916833],[-75.583081433996966,5.050929475416377],[-75.58306364003549,5.050826397992966]]]}},
{"type":"Feature","properties":{"OBJECTID_12":30471,"OBJECTID_1":null,"OBJECTID_2":null,"OBJECTID_3":null,"OBJECTID_4":null,"OBJECTID":null,"CODDEP":null,"TIPO":null,"NOMBRE":null,"ORDEN":null,"N_ORDEN":null,"SCU_CODIGO":null,"CUE_CODIGO":null,"NOM_CCA":null,"NOM_ANT":null,"NOM_NVO":null,"TIPO_CCA":null,"COD_DREP":null,"N_ORD_CCA":null,"LENGTH":null,"Shape_Leng":null,"Shape_Le_1":null,"NMG":null,"TTDD":null,"TEDD":null,"ID":0,"ORDGRAV":null,"FRAGRAV":null,"Shape_Le_2":null,"Shape_Le_3":null,"Shape_Le_4":null,"OID_":null,"Name":null,"FolderPath":null,"SymbolID":null,"AltMode":null,"Base":null,"Clamped":null,"Extruded":null,"Snippet":null,"PopupInfo":null,"Shape_Le_5":null,"Shape_Le_6":null,"Shape_Le_7":null,"Shape_Le_8":null,"Shape_Length":42.472637568110137},"geometry":{"type":"MultiLineString","coordinates":[[[-75.580055555861037,5.044055044796075],[-75.580233611039148,5.044013313203951],[-75.580386906313976,5.043884381444646]]]}},
{"type":"Feature","properties":{"OBJECTID_12":30472,"OBJECTID_1":null,"OBJECTID_2":null,"OBJECTID_3":null,"OBJECTID_4":null,"OBJECTID":null,"CODDEP":null,"TIPO":null,"NOMBRE":null,"ORDEN":null,"N_ORDEN":null,"SCU_CODIGO":null,"CUE_CODIGO":null,"NOM_CCA":null,"NOM_ANT":null,"NOM_NVO":null,"TIPO_CCA":null,"COD_DREP":null,"N_ORD_CCA":null,"LENGTH":null,"Shape_Leng":null,"Shape_Le_1":null,"NMG":null,"TTDD":null,"TEDD":null,"ID":0,"ORDGRAV":null,"FRAGRAV":null,"Shape_Le_2":null,"Shape_Le_3":null,"Shape_Le_4":null,"OID_":null,"Name":null,"FolderPath":null,"SymbolID":null,"AltMode":null,"Base":null,"Clamped":null,"Extruded":null,"Snippet":null,"PopupInfo":null,"Shape_Le_5":null,"Shape_Le_6":null,"Shape_Le_7":null,"Shape_Le_8":null,"Shape_Length":51.866168003176568},"geometry":{"type":"MultiLineString","coordinates":[[[-75.579945338155127,5.043778477498028],[-75.58011323504131,5.043763464017499],[-75.580386906313976,5.043884381444646]]]}},
{"type":"Feature","properties":{"OBJECTID_12":30473,"OBJECTID_1":null,"OBJECTID_2":null,"OBJECTID_3":null,"OBJECTID_4":null,"OBJECTID":null,"CODDEP":null,"TIPO":null,"NOMBRE":null,"ORDEN":null,"N_ORDEN":null,"SCU_CODIGO":null,"CUE_CODIGO":null,"NOM_CCA":null,"NOM_ANT":null,"NOM_NVO":null,"TIPO_CCA":null,"COD_DREP":null,"N_ORD_CCA":null,"LENGTH":null,"Shape_Leng":null,"Shape_Le_1":null,"NMG":null,"TTDD":null,"TEDD":null,"ID":0,"ORDGRAV":null,"FRAGRAV":null,"Shape_Le_2":null,"Shape_Le_3":null,"Shape_Le_4":null,"OID_":null,"Name":null,"FolderPath":null,"SymbolID":null,"AltMode":null,"Base":null,"Clamped":null,"Extruded":null,"Snippet":null,"PopupInfo":null,"Shape_Le_5":null,"Shape_Le_6":null,"Shape_Le_7":null,"Shape_Le_8":null,"Shape_Length":43.536171658463338},"geometry":{"type":"MultiLineString","coordinates":[[[-75.579898856878316,5.043466876591868],[-75.579933137567664,5.043366931650796],[-75.580073845721543,5.04331105721175],[-75.580206514157993,5.043340049506514]]]}},
{"type":"Feature","properties":{"OBJECTID_12":30474,"OBJECTID_1":null,"OBJECTID_2":null,"OBJECTID_3":null,"OBJECTID_4":null,"OBJECTID":null,"CODDEP":null,"TIPO":null,"NOMBRE":null,"ORDEN":null,"N_ORDEN":null,"SCU_CODIGO":null,"CUE_CODIGO":null,"NOM_CCA":null,"NOM_ANT":null,"NOM_NVO":null,"TIPO_CCA":null,"COD_DREP":null,"N_ORD_CCA":null,"LENGTH":null,"Shape_Leng":null,"Shape_Le_1":null,"NMG":null,"TTDD":null,"TEDD":null,"ID":0,"ORDGRAV":null,"FRAGRAV":null,"Shape_Le_2":null,"Shape_Le_3":null,"Shape_Le_4":null,"OID_":null,"Name":null,"FolderPath":null,"SymbolID":null,"AltMode":null,"Base":null,"Clamped":null,"Extruded":null,"Snippet":null,"PopupInfo":null,"Shape_Le_5":null,"Shape_Le_6":null,"Shape_Le_7":null,"Shape_Le_8":null,"Shape_Length":228.84420149954244},"geometry":{"type":"MultiLineString","coordinates":[[[-75.580916666715169,5.042145432911959],[-75.58078324882932,5.042262367550939],[-75.580775515349586,5.042281186656155],[-75.58076894226771,5.042308004364434],[-75.58076715458148,5.04233863107861],[-75.580763451585767,5.042367351393503],[-75.58076450374439,5.042392225705099],[-75.580763670832141,5.042422847722211],[-75.580760959516226,5.042461133235054],[-75.580757097134352,5.042496064539274],[-75.580754553237227,5.0425301714787],[-75.580754079247512,5.042561271250257],[-75.580753943532173,5.042587166504619],[-75.580752358858547,5.042608702455451],[-75.580745281479437,5.042628824495994],[-75.580742484162698,5.042645341105861],[-75.58074112990063,5.042664722543107],[-75.580738338256339,5.042682674862817],[-75.580732672745143,5.042697768039793],[-75.580729179421084,5.042719311573973],[-75.580732118498133,5.042738675954191],[-75.580735034893479,5.042752299303539],[-75.580743808794281,5.042770671292171],[-75.580749826324052,5.042784431499159],[-75.580755007292922,5.042797537739103],[-75.580756112266045,5.04280542716405],[-75.580757594116136,5.042818339250381],[-75.580758059012723,5.042830122522881],[-75.580756166258354,5.042849442811552],[-75.580756979724356,5.042872775653302],[-75.580749159039343,5.042885724699433],[-75.580745640198856,5.042900809348264],[-75.58074141207176,5.042917331643387],[-75.580740758591034,5.042933121869961],[-75.580742973313718,5.042950337337162],[-75.580751447582969,5.042968175279419],[-75.580757419212816,5.042984008799865],[-75.580763919669522,5.042999053640253],[-75.580772578135026,5.043016959562353],[-75.580779064414443,5.04302841603213],[-75.580791275748993,5.043039849754487],[-75.580804923569687,5.043052713500982],[-75.580821439587652,5.043067000678641],[-75.580834366780863,5.043078431555068],[-75.580850161273361,5.043091286770201],[-75.580866675358223,5.043104856087304],[-75.580883180036082,5.043116272746993],[-75.58089539704342,5.043129141271028],[-75.580910487023544,5.043144869842845],[-75.580920551692031,5.043156312090334],[-75.580926364595697,5.043164831055559],[-75.580937809094564,5.043177055302356],[-75.580955756832893,5.043191336784346],[-75.580967985186234,5.043207075820332],[-75.580981641520225,5.043222092219538],[-75.58099026880673,5.043232105348592],[-75.581005331333031,5.043240657173325],[-75.581023266829291,5.04325206814066],[-75.581041904904609,5.043259887889564],[-75.581062672636847,5.043263393787264],[-75.581089199455874,5.043275488476935],[-75.581101409898125,5.043286922191802],[-75.581117202460845,5.043299058632734],[-75.58112851186354,5.043309948938848],[-75.581151666235712,5.043327627268035],[-75.581175336203856,5.043341169037064],[-75.581183256141003,5.043353336761678],[-75.581197625502767,5.043367632452655],[-75.581212707889065,5.043381208347526],[-75.58123065847451,5.043396207670447],[-75.581242860409958,5.043405487816487],[-75.581256486457903,5.043412610513006],[-75.581270111600887,5.043419732308556],[-75.581290177660961,5.043426829409364],[-75.581310959575006,5.043433922760142],[-75.581325328940821,5.043448218445913],[-75.581333095889789,5.04346821277751],[-75.581344062557932,5.043480438005448],[-75.581354138584246,5.043494750753457],[-75.581366355610825,5.043507620164193],[-75.581383590345141,5.043522622324434],[-75.58140013474808,5.043544085307014],[-75.581423833089929,5.043564802892536],[-75.581436072807691,5.043583412423886],[-75.581443332567858,5.043595753642664],[-75.581456215458573,5.043609885257254],[-75.581464873958609,5.043627792060024],[-75.581473535296794,5.043646416716851],[-75.581487202994197,5.043664302704043],[-75.581506564551105,5.043674273152007],[-75.581531623698638,5.043677044103108],[-75.581560517138939,5.043670640243938],[-75.581573118563824,5.043674008604622],[-75.581586746551409,5.043681848243285],[-75.581600024758984,5.043699277389099]]]}},
{"type":"Feature","properties":{"OBJECTID_12":30617,"OBJECTID_1":28124,"OBJECTID_2":0,"OBJECTID_3":28125,"OBJECTID_4":0,"OBJECTID":8203,"CODDEP":" ","TIPO":" ","NOMBRE":" ","ORDEN":" ","N_ORDEN":0,"SCU_CODIGO":" ","CUE_CODIGO":" ","NOM_CCA":" ","NOM_ANT":" ","NOM_NVO":" ","TIPO_CCA":" ","COD_DREP":" ","N_ORD_CCA":0,"LENGTH":0.0,"Shape_Leng":689.08361226299996,"Shape_Le_1":689.08361226299996,"NMG":" ","TTDD":0,"TEDD":5102,"ID":7842,"ORDGRAV":5,"FRAGRAV":10,"Shape_Le_2":689.08361226299996,"Shape_Le_3":689.08361226299996,"Shape_Le_4":689.08361226299996,"OID_":0,"Name":" ","FolderPath":" ","SymbolID":0,"AltMode":0,"Base":0,"Clamped":0,"Extruded":0,"Snippet":" ","PopupInfo":" ","Shape_Le_5":689.08361226299996,"Shape_Le_6":689.08361226299996,"Shape_Le_7":689.08361226299996,"Shape_Le_8":688.99357531199996,"Shape_Length":269.66991444078911},"geometry":{"type":"MultiLineString","coordinates":[[[-75.581767661278519,5.043524960776826],[-75.581742754252957,5.043550862260912],[-75.581690470018074,5.043605224646631],[-75.581586867727751,5.043712959190709],[-75.581685391682129,5.044073996596176],[-75.581943750690002,5.044378794589339],[-75.582308389980327,5.044622152961087],[-75.582463092155123,5.044826522567621],[-75.582510943904495,5.044889054129012],[-75.582585054153384,5.045010930230164],[-75.582600482325574,5.045201481925062],[-75.582538836857793,5.045351808853188],[-75.582430487881481,5.045425849940933]]]}},
{"type":"Feature","properties":{"OBJECTID_12":30619,"OBJECTID_1":null,"OBJECTID_2":null,"OBJECTID_3":null,"OBJECTID_4":null,"OBJECTID":null,"CODDEP":null,"TIPO":null,"NOMBRE":null,"ORDEN":null,"N_ORDEN":null,"SCU_CODIGO":null,"CUE_CODIGO":null,"NOM_CCA":null,"NOM_ANT":null,"NOM_NVO":null,"TIPO_CCA":null,"COD_DREP":null,"N_ORD_CCA":null,"LENGTH":null,"Shape_Leng":null,"Shape_Le_1":null,"NMG":null,"TTDD":null,"TEDD":null,"ID":null,"ORDGRAV":null,"FRAGRAV":null,"Shape_Le_2":null,"Shape_Le_3":null,"Shape_Le_4":null,"OID_":null,"Name":null,"FolderPath":null,"SymbolID":null,"AltMode":null,"Base":null,"Clamped":null,"Extruded":null,"Snippet":null,"PopupInfo":null,"Shape_Le_5":null,"Shape_Le_6":null,"Shape_Le_7":null,"Shape_Le_8":null,"Shape_Length":936.417744932456},"geometry":{"type":"MultiLineString","coordinates":[[[-75.581767661278519,5.043524960776826],[-75.581742754252957,5.043550862260912],[-75.58172080580961,5.043573682521291],[-75.581767978956591,5.04352526872057],[-75.581835836797552,5.043431076123953],[-75.581880317119769,5.043370413260597],[-75.581959501885123,5.043280601272301],[-75.582118533242749,5.043156425698691],[-75.582210648870173,5.043132805721368],[-75.582429313965463,5.043057999875343],[-75.582630579005112,5.043072789257262],[-75.582650100633302,5.043074224215901],[-75.582698780239809,5.043077800803201],[-75.58303894283101,5.043082656679278],[-75.583139406143175,5.04308682834064],[-75.583141343989354,5.043086908332797],[-75.583235614115623,5.043090822525613],[-75.583322145754195,5.043041601193756],[-75.583443111183527,5.042972792750251],[-75.5834976047244,5.042927025964915],[-75.583566644329096,5.042866146961997],[-75.58360010896925,5.042825832430678],[-75.583625951644294,5.042798314269884],[-75.583758087667192,5.04257038568884],[-75.583884778445139,5.042382004723355],[-75.583942086624475,5.042296789411957],[-75.584075693782438,5.042130375265402],[-75.584055315223964,5.042101014846502],[-75.584051378081824,5.042074832076549],[-75.584061831175532,5.042047027052234],[-75.584069955434828,5.042021269157842],[-75.584068687073469,5.041999204848667],[-75.584072097599162,5.041985248984606],[-75.584070920693009,5.041962372419807],[-75.584081240104808,5.04193701264479],[-75.584093802280094,5.041912235238163],[-75.58412746307323,5.041888021255446],[-75.584129422071967,5.041886612091198],[-75.584149492872584,5.041868484392301],[-75.58416558433025,5.041852026140639],[-75.584180060348672,5.041850666641337],[-75.584188549183295,5.041842544698326],[-75.584188741649882,5.041815528188744],[-75.584189433707039,5.041804266540412],[-75.584193341927474,5.041786440006466],[-75.584196221981827,5.041773083871005],[-75.58422040824918,5.041753740047789],[-75.584311670221567,5.04172752489066],[-75.58457698262157,5.04166453791589],[-75.584789454849016,5.041471542916971],[-75.584833600473729,5.041431444480073],[-75.584604947589412,5.041650244787179],[-75.584605958954526,5.041649276981762],[-75.58458118589293,5.04167298186427],[-75.584312725991524,5.041736643171363],[-75.584222088950028,5.041764030283871],[-75.584204817923236,5.04177585694522],[-75.584202120320683,5.04178929643724],[-75.584198342103619,5.041804887491386],[-75.584199487119974,5.041815142789776],[-75.584204974826349,5.04182920068411],[-75.58420340691228,5.041845601167161],[-75.584197135002157,5.041861221126719],[-75.584186158588466,5.041871373652835],[-75.584175966690736,5.041879963466783],[-75.584164990928002,5.041887773438336],[-75.584154014868474,5.041909640530893],[-75.584148527065906,5.041933851852462],[-75.58413981885289,5.041952157672146],[-75.584134331063183,5.041970901833892],[-75.584143739933324,5.041983397197692],[-75.584156284149984,5.042000578755387],[-75.584167260122854,5.042011511909778],[-75.584180588331876,5.042033379972244],[-75.58419078018332,5.042041188924439],[-75.584194700394931,5.042061495036026],[-75.584198619964354,5.042078675637938],[-75.584193132027053,5.042104447455963],[-75.584186859839477,5.042128658281515],[-75.584170396248979,5.04214494623596],[-75.584152363814368,5.04216212826802],[-75.584128844433565,5.042166813802903],[-75.584112379922331,5.042162128190173],[-75.584096218349018,5.042148781795149],[-75.58400481543039,5.04226178405773],[-75.584004094969828,5.042262673856573],[-75.583954569158479,5.042323903784751],[-75.583781554405348,5.042582473442383],[-75.583649254207245,5.042811061775497],[-75.583617109661247,5.042847768172497],[-75.583580854219903,5.042890270001442],[-75.583565215134485,5.042903487931927],[-75.583563251712789,5.042905147553104],[-75.583451492986427,5.042999607007178],[-75.583244238319764,5.0431173772487],[-75.583039611599631,5.043107224164508],[-75.582695556822131,5.043104880929377],[-75.582433122279198,5.043085356734645],[-75.582375794068511,5.043104462526315],[-75.582377177097513,5.043104001355083],[-75.582219870919261,5.043156426065527],[-75.582131201201534,5.043181416542924],[-75.581975967259197,5.043301686628868],[-75.581891357938289,5.043399570402697],[-75.581850300164717,5.043458886095557],[-75.581767978956591,5.04352526872057],[-75.581768015721366,5.043525217944111]]]}},
{"type":"Feature","properties":{"OBJECTID_12":30620,"OBJECTID_1":28138,"OBJECTID_2":28138,"OBJECTID_3":0,"OBJECTID_4":28139,"OBJECTID":8217,"CODDEP":" ","TIPO":" ","NOMBRE":" ","ORDEN":" ","N_ORDEN":0,"SCU_CODIGO":" ","CUE_CODIGO":" ","NOM_CCA":" ","NOM_ANT":" ","NOM_NVO":" ","TIPO_CCA":" ","COD_DREP":" ","N_ORD_CCA":0,"LENGTH":0.0,"Shape_Leng":409.57853575899998,"Shape_Le_1":409.57853575899998,"NMG":" ","TTDD":0,"TEDD":5102,"ID":7857,"ORDGRAV":3,"FRAGRAV":15,"Shape_Le_2":409.57853575899998,"Shape_Le_3":409.57853575899998,"Shape_Le_4":409.57853575899998,"OID_":0,"Name":" ","FolderPath":" ","SymbolID":0,"AltMode":0,"Base":0,"Clamped":0,"Extruded":0,"Snippet":" ","PopupInfo":" ","Shape_Le_5":409.57853575899998,"Shape_Le_6":409.57853575899998,"Shape_Le_7":409.57853575899998,"Shape_Le_8":409.52503332399999,"Shape_Length":819.16648650509592},"geometry":{"type":"MultiLineString","coordinates":[[[-75.580916666715169,5.042145432911959],[-75.580967900526304,5.042129839551702],[-75.581103115602261,5.042108159660524],[-75.581230905385539,5.042040683366833],[-75.581432630474978,5.04177902353196],[-75.581581275053665,5.041653162633801],[-75.581639023289924,5.041626052992537],[-75.581939181660914,5.04164414949342],[-75.582088022022845,5.041680798388509],[-75.582249838816068,5.041695948309954],[-75.582382682067902,5.041649311486053],[-75.582542809934566,5.041563593528877],[-75.582720372619164,5.041379076298298],[-75.582786887119227,5.041282903690118],[-75.582911566450719,5.041148272211724],[-75.583017283245624,5.041070614591415],[-75.583093780775442,5.041016573701111],[-75.583166585702642,5.040966039167407],[-75.583253327635177,5.040905519366169],[-75.583543739895106,5.040751416236837],[-75.583646023701746,5.04075573536622],[-75.583708779382548,5.040758330187746],[-75.583786542611065,5.040736892817121],[-75.583875837888812,5.040712210839923],[-75.583955192243877,5.040690276195543],[-75.584006471947291,5.040676101961657],[-75.584039970950741,5.040666842656821],[-75.584056259730005,5.040657650882512],[-75.584038455109521,5.040657883517411],[-75.583707752797736,5.040749292250615],[-75.583541716392091,5.040742439220759],[-75.583532488992532,5.040747329177361],[-75.583250770671171,5.040896613180647],[-75.583035318513495,5.041046158998828],[-75.582905254961645,5.041141801255394],[-75.582779661973476,5.041277486942644],[-75.582713170777396,5.041373625101469],[-75.58253793547216,5.041555954168881],[-75.58237874328735,5.041641172047544],[-75.582247795941853,5.04168708708587],[-75.582089853314116,5.041671939848271],[-75.581940130633456,5.041635148896781],[-75.581637671096729,5.041616976551244],[-75.581576899842602,5.041645234673678],[-75.581425788371362,5.041773117023548],[-75.581225291541486,5.042033480903071],[-75.581099576308816,5.042099810674374],[-75.580965032885501,5.042121252826167],[-75.580916666715169,5.042145432911959]]]}}
]
}
